genre,title,author,rating,reviews,year
Art,Ways of Seeing (Paperback),John Berger,3.89,293165,1972
Art,The Story of Art (Hardcover),E.H. Gombrich,3.94,345375,1950
Art,The New Drawing on the Right Side of the Brain (Paperback),Betty Edwards,3.87,316283,1979
Art,Steal Like an Artist: 10 Things Nobody Told You About Being Creative (Paperback),Austin Kleon,3.94,230964,2012
Art,Wall and Piece (Paperback),Banksy,3.85,212073,2005
Art,The Artist's Way: A Spiritual Path to Higher Creativity (Paperback),Julia Cameron,3.91,102873,1992
Art,Art and Fear: Observations on the Perils (and Rewards) of Artmaking,David Bayles,3.75,77327,1993
Art,Girl with a Pearl Earring (Paperback),Tracy Chevalier,3.9,666554,1999
Art,The Art Book (Paperback),Phaidon Press,3.85,144466,1997
Art,The Letters of Vincent van Gogh (Paperback),Vincent van Gogh,4.06,81474,1914
Art,Concerning the Spiritual in Art (Paperback),Wassily Kandinsky,3.83,80456,1947
Art,Seven Days in the Art World (Paperback),Sarah Thornton,3.61,59940,2008
Art,The Goldfinch (Hardcover),Donna Tartt,3.92,791088,2013
Art,History of Beauty (Paperback),Umberto Eco,3.82,55212,2004
Art,On Photography (Paperback),Susan Sontag,3.86,41396,1973
Art,The Diary of Frida Kahlo: An Intimate Self-Portrait (Hardcover),Frida Kahlo,3.9,40582,1995
Art,Understanding Comics: The Invisible Art (Paperback),Scott McCloud,3.99,113621,1993
Art,M.C. Escher: The Graphic Work (Paperback),M.C. Escher,3.93,65370,1954
Art,Art Through the Ages  (Hardcover),Helen Gardner,3.83,38510,1926
Art,The War of Art: Winning the Inner Creative Battle (Paperback),Steven Pressfield,3.98,85793,2002
Art,Color: A Natural History of the Palette (Paperback),Victoria Finlay,3.8,65301,2003
Art,Leonardo da Vinci (Hardcover),Walter Isaacson,4.13,82928,2017
Art,Color and Light: A Guide for the Realist Painter (Paperback),James Gurney,4.21,10236,2010
Art,The Lives of the Artists (Paperback),Giorgio Vasari,3.76,28826,1550
Art,Vincent Van Gogh: The Complete Paintings (Hardcover),Rainer Metzger,4.11,44197,1988
Art,Just Kids (Hardcover),Patti Smith,4.15,210313,2010
Art,The Shock of the New (Paperback),Robert Hughes,3.73,32365,1980
Art,History of Art (Hardcover),H.W. Janson,3.8,33246,1962
Art,The Art Forger (Hardcover),Barbara A. Shapiro,3.73,81258,2012
Art,Show Your Work!: 10 Ways to Share Your Creativity and Get Discovered (Paperback),Austin Kleon,4.09,35705,2014
Art,Interaction of Color (Paperback),Josef Albers,4.1,8662,1971
Art,The Agony and the Ecstasy (Mass Market Paperback),Irving Stone,4.05,86707,1958
Art,What Are You Looking At?: 150 Years of Modern Art in a Nutshell (Hardcover),Will Gompertz,4.26,6499,2012
Art,Leonardo's Notebooks (Hardcover),Leonardo da Vinci,3.95,41863,1519
Art,Figure Drawing for All It's Worth (How to draw and paint),Andrew Loomis,4.03,16996,1943
Art,The Art Spirit (Paperback),Robert Henri,3.9,20493,1929
Art,"An Illustrated Life: Drawing Inspiration from the Private Sketchbooks of Artists, Illustrators and Designers (Paperback)",Danny Gregory,3.68,23891,2008
Art,The Philosophy of Andy Warhol (From A to B and Back Again),Andy Warhol,3.79,39805,1975
Art,Michelangelo and the Pope's Ceiling (Paperback),Ross King,3.79,33311,2003
Art,The Secret Lives of Color (Hardcover),Kassia St. Clair,4.17,6882,2016
Art,Camera Lucida: Reflections on Photography (Paperback),Roland Barthes,3.99,53781,1980
Art,Van Gogh (Kindle Edition),Steven Naifeh,4.05,22549,2011
Art,The Judgment of Paris: The Revolutionary Decade That Gave the World Impressionism (Paperback),Ross King,3.83,13841,2006
Art,On Ugliness (Hardcover),Umberto Eco,3.85,17971,2007
Art,Faeries (Hardcover),Brian Froud,3.88,58003,1978
Art,The Dot (Hardcover),Peter H. Reynolds,4.21,29098,2003
Art,The Power of Art (Hardcover),Simon Schama,3.91,16828,2006
Art,Frida: A Biography of Frida Kahlo (Paperback),Hayden Herrera,3.96,56292,1983
Art,Griffin and Sabine (Griffin & Sabine #1),Nick Bantock,4.01,57257,1991
Art,PostSecret: Extraordinary Confessions from Ordinary Lives (PostSecret),Frank Warren,3.98,92632,2005
Biography,Steve Jobs (Hardcover),Walter Isaacson,4.14,1067119,2011
Biography,The Diary of a Young Girl (Mass Market Paperback),Anne Frank,4.16,3061154,1947
Biography,Becoming (Hardcover),Michelle Obama,4.5,752284,2018
Biography,"Unbroken: A World War II Story of Survival, Resilience and Redemption (Hardcover)",Laura Hillenbrand,4.35,841832,2010
Biography,"Elon Musk: Tesla, SpaceX, and the Quest for a Fantastic Future (Hardcover)",Ashlee Vance,4.21,297944,2015
Biography,John Adams (Paperback),David McCullough,4.04,342604,2001
Biography,Alexander Hamilton (Paperback),Ron Chernow,4.17,158062,2004
Biography,Educated (Hardcover),Tara Westover,4.46,1033432,2018
Biography,Einstein: His Life and Universe (Hardcover),Walter Isaacson,4.12,156554,2007
Biography,The Immortal Life of Henrietta Lacks (Hardcover),Rebecca Skloot,4.07,643389,2009
Biography,Bossypants (Kindle Edition),Tina Fey,3.95,914396,2011
Biography,Born a Crime: Stories From a South African Childhood (Hardcover),Trevor Noah,4.45,499858,2016
Biography,Into the Wild (Paperback),Jon Krakauer,3.99,948551,1996
Biography,The Autobiography of Malcolm X (Paperback),Malcolm X,4.32,234642,1965
Biography,I Am Malala: The Story of the Girl Who Stood Up for Education and Was Shot by the Taliban (Hardcover),Malala Yousafzai,4.12,484328,2012
Biography,Benjamin Franklin: An American Life (Paperback),Walter Isaacson,4.0,127053,2003
Biography,"""Surely You're Joking, Mr. Feynman!"": Adventures of a Curious Character (Paperback)",Richard P. Feynman,4.24,178393,1985
Biography,"Night  (The Night Trilogy, #1)",Elie Wiesel,4.34,1054948,1956
Biography,Team of Rivals: The Political Genius of Abraham Lincoln (Paperback),Doris Kearns Goodwin,4.22,177008,2005
Biography,Cleopatra: A Life (Hardcover),Stacy Schiff,3.69,111898,2010
Biography,Yes Please (Hardcover),Amy Poehler,3.83,470439,2014
Biography,The Glass Castle (Paperback),Jeannette Walls,4.28,994575,2005
Biography,"I Know Why the Caged Bird Sings (Maya Angelou's Autobiography, #1)",Maya Angelou,4.25,455886,1969
Biography,When Breath Becomes Air (Paperback),Paul Kalanithi,4.36,489890,2016
Biography,Washington: A Life (Hardcover),Ron Chernow,4.08,64780,2010
Biography,Catherine the Great: Portrait of a Woman (Hardcover),Robert K. Massie,3.9,104005,2011
Biography,"Bonhoeffer: Pastor, Martyr, Prophet, Spy (Hardcover)",Eric Metaxas,4.18,66454,2009
Biography,Shoe Dog: A Memoir by the Creator of Nike (Hardcover),Phil Knight,4.46,196838,2016
Biography,"Angela's Ashes (Frank McCourt, #1)",Frank McCourt,4.12,575231,1996
Biography,The Rise of Theodore Roosevelt (Paperback),Edmund Morris,4.17,52000,1979
Biography,The Autobiography of Benjamin Franklin (Paperback),Benjamin Franklin,3.84,77436,1791
Biography,A Promised Land (Kindle Edition),Barack Obama,4.37,135159,2020
Biography,Long Walk to Freedom (Paperback),Nelson Mandela,4.28,79547,1994
Biography,The Hiding Place: The Triumphant True Story of Corrie Ten Boom (Paperback),Corrie ten Boom,4.41,285689,1971
Biography,Wild: From Lost to Found on the Pacific Crest Trail (Hardcover),Cheryl Strayed,4.02,679683,2012
Biography,Dreams from My Father: A Story of Race and Inheritance (Paperback),Barack Obama,3.9,214066,1995
Biography,The Wright Brothers (Hardcover),David McCullough,4.1,86244,2015
Biography,Hillbilly Elegy: A Memoir of a Family and Culture in Crisis (Hardcover),J.D. Vance,3.9,358270,2016
Biography,"Titan: The Life of John D. Rockefeller, Sr. (Paperback)",Ron Chernow,4.09,27185,1998
Biography,Grant (Hardcover),Ron Chernow,4.38,29497,2017
Biography,Man's Search for Meaning (Paperback),Viktor E. Frankl,4.35,497546,1946
Biography,Narrative of the Life of Frederick Douglass (Paperback),Frederick Douglass,4.04,108934,1845
Biography,"Eat, Pray, Love: One Woman's Search for Everything Across Italy, India and Indonesia (Paperback)",Elizabeth Gilbert,3.59,1578405,2006
Biography,Notorious RBG: The Life and Times of Ruth Bader Ginsburg (Hardcover),Irin Carmon,4.14,55724,2015
Biography,Is Everyone Hanging Out Without Me? (And Other Concerns),Mindy Kaling,3.85,452591,2011
Biography,Tuesdays with Morrie (Paperback),Mitch Albom,4.12,851317,1997
Biography,Thomas Jefferson: The Art of Power (Kindle Edition),Jon Meacham,3.96,38417,2012
Biography,Theodore Rex (Paperback),Edmund Morris,4.12,49500,2001
Business,"Zero to One: Notes on Startups, or How to Build the Future (Hardcover)",Peter Thiel,4.17,246576,2014
Business,How to Win Friends and Influence People (Paperback),Dale Carnegie,4.21,734137,1936
Business,The 4-Hour Workweek (ebook),Timothy Ferriss,3.91,231708,2007
Business,The 7 Habits of Highly Effective People: Powerful Lessons in Personal Change (Paperback),Stephen R. Covey,4.13,602624,1988
Business,The Tipping Point: How Little Things Can Make a Big Difference (Paperback),Malcolm Gladwell,3.98,741129,2000
Business,Rework (Hardcover),Jason Fried,3.96,150211,2010
Business,Start with Why: How Great Leaders Inspire Everyone to Take Action (Hardcover),Simon Sinek,4.08,156595,2009
Business,"Rich Dad, Poor Dad (Paperback)",Robert T. Kiyosaki,4.1,450684,1997
Business,The Hard Thing About Hard Things: Building a Business When There Are No Easy Answers (Hardcover),Ben Horowitz,4.23,69760,2014
Business,The E-Myth Revisited: Why Most Small Businesses Don't Work and What to Do About It (Paperback),Michael E. Gerber,4.03,71338,1985
Business,Outliers: The Story of Success (Hardcover),Malcolm Gladwell,4.17,640247,2008
Business,Good to Great: Why Some Companies Make the Leap... and Others Don't (Hardcover),James C. Collins,4.12,152004,2001
Business,The Innovator's Dilemma: The Revolutionary Book that Will Change the Way You Do Business (Paperback),Clayton M. Christensen,4.02,45797,1997
Business,Freakonomics: A Rogue Economist Explores the Hidden Side of Everything (Hardcover),Steven D. Levitt,3.99,768450,2005
Business,The Power of Habit: Why We Do What We Do in Life and Business (Hardcover),Charles Duhigg,4.11,403376,2012
Business,Made to Stick: Why Some Ideas Survive and Others Die (Hardcover),Chip Heath,3.95,84247,2006
Business,Never Split the Difference: Negotiating As If Your Life Depended On It (Hardcover),Chris Voss,4.37,88686,2016
Business,Built to Last: Successful Habits of Visionary Companies (Hardcover),James C. Collins,4.03,66309,1994
Business,Blue Ocean Strategy: How to Create Uncontested Market Space and Make the Competition Irrelevant (Hardcover),W. Chan Kim,3.97,62356,1994
Business,The Five Dysfunctions of a Team: A Leadership Fable (Hardcover),Patrick Lencioni,4.07,91470,2002
Business,"Creativity, Inc.: Overcoming the Unseen Forces That Stand in the Way of True Inspiration (Hardcover)",Ed Catmull,4.19,77896,2009
Business,Influence: The Psychology of Persuasion (Paperback),Robert B. Cialdini,4.18,121758,1984
Business,"Lean In: Women, Work, and the Will to Lead (Hardcover)",Sheryl Sandberg,3.94,244117,2013
Business,Getting Things Done: The Art of Stress-Free Productivity (Paperback),David    Allen,3.98,144105,2001
Business,The Intelligent Investor (Paperback),Benjamin Graham,4.22,101478,1949
Business,The Personal MBA: Master the Art of Business (Hardcover),Josh Kaufman,4.09,33590,2010
Business,Who Moved My Cheese? (Hardcover),Spencer Johnson,3.84,405976,1998
Business,Bad Blood: Secrets and Lies in a Silicon Valley Startup (Hardcover),John Carreyrou,4.38,205059,2018
Business,Drive: The Surprising Truth About What Motivates Us (Hardcover),Daniel H. Pink,3.94,106648,2009
Business,"Thinking, Fast and Slow (Hardcover)",Daniel Kahneman,4.16,373309,2011
Business,"Delivering Happiness: A Path to Profits, Passion, and Purpose (Hardcover)",Tony Hsieh,4.02,67766,2010
Business,The Everything Store: Jeff Bezos and the Age of Amazon (Hardcover),Brad Stone,4.11,65438,2013
Business,The Goal: A Process of Ongoing Improvement (Paperback),Eliyahu M. Goldratt,4.06,63937,1984
Business,Getting to Yes: Negotiating Agreement Without Giving In (Paperback),Roger Fisher,3.93,67647,1981
Business,"The $100 Startup: Reinvent the Way You Make a Living, Do What You Love, and Create a New Future (Hardcover)",Chris Guillebeau,3.86,58311,2012
Business,Blink: The Power of Thinking Without Thinking (Paperback),Malcolm Gladwell,3.94,532298,2005
Business,Business Model Generation,Alexander Osterwalder,4.18,47891,2010
Business,Purple Cow: Transform Your Business by Being Remarkable (Hardcover),Seth Godin,3.77,48022,2003
Business,Business Adventures,John Brooks,3.81,21229,1969
Business,The Big Short: Inside the Doomsday Machine (Paperback),Michael   Lewis,4.26,147836,2010
Business,Deep Work: Rules for Focused Success in a Distracted World (Hardcover),Cal Newport,4.17,103285,2016
Business,Principles: Life and Work (Audio CD),Ray Dalio,4.08,44115,2011
Business,Crossing the Chasm: Marketing and Selling High-Tech Products to Mainstream Customers (Paperback),Geoffrey A. Moore,3.99,25535,2006
Business,The Effective Executive: The Definitive Guide to Getting the Right Things Done (Paperback),Peter F. Drucker,4.05,32125,1966
Business,Crucial Conversations: Tools for Talking When Stakes Are High (Paperback),Kerry Patterson,4.03,57079,2001
Business,Measure What Matters (Kindle Edition),John E. Doerr,4.0,21185,2017
Children's,Charlotte's Web (Paperback),E.B. White,4.18,1552602,1952
Children's,Where the Wild Things Are (Paperback),Maurice Sendak,4.22,886441,1963
Children's,The Giving Tree (Hardcover),Shel Silverstein,4.37,980813,1964
Children's,"Harry Potter and the Sorcerer's Stone (Harry Potter, #1)",J.K. Rowling,4.47,7921772,1997
Children's,Green Eggs and Ham (Hardcover),Dr. Seuss,4.29,677313,1960
Children's,Where the Sidewalk Ends (Hardcover),Shel Silverstein,4.3,1248396,1974
Children's,"The Lion, the Witch and the Wardrobe (Chronicles of Narnia, #1)",C.S. Lewis,4.22,2331958,1950
Children's,Matilda (Paperback),Roald Dahl,4.32,743809,1988
Children's,"Charlie and the Chocolate Factory (Charlie Bucket, #1)",Roald Dahl,4.14,731411,1964
Children's,"Harry Potter and the Chamber of Secrets (Harry Potter, #2)",J.K. Rowling,4.43,3059328,1998
Children's,"Harry Potter and the Prisoner of Azkaban (Harry Potter, #3)",J.K. Rowling,4.57,3187005,1999
Children's,The Secret Garden (Hardcover),Frances Hodgson Burnett,4.13,986891,1910
Children's,The Little Prince (Paperback),Antoine de Saint-Exupéry,4.31,1588236,1943
Children's,"The Cat in the Hat (The Cat in the Hat, #1)",Dr. Seuss,4.16,475601,1957
Children's,"A Wrinkle in Time (Time Quintet, #1)",Madeleine L'Engle,3.99,1107395,1962
Children's,"Harry Potter and the Goblet of Fire (Harry Potter, #4)",J.K. Rowling,4.56,2882021,2000
Children's,The Very Hungry Caterpillar (Board book),Eric Carle,4.29,435879,1969
Children's,Goodnight Moon (Hardcover),Margaret Wise Brown,4.28,331073,1947
Children's,James and the Giant Peach (Hardcover),Roald Dahl,4.01,415713,1961
Children's,"Harry Potter and the Order of the Phoenix (Harry Potter, #5)",J.K. Rowling,4.5,2777527,2003
Children's,"Harry Potter and the Half-Blood Prince (Harry Potter, #6)",J.K. Rowling,4.57,2692803,2005
Children's,"Harry Potter and the Deathly Hallows (Harry Potter, #7)",J.K. Rowling,4.61,3087928,2007
Children's,"Oh, the Places You'll Go! (Hardcover)",Dr. Seuss,4.33,359880,1990
Children's,The BFG (Paperback),Roald Dahl,4.2,417743,1982
Children's,"Winnie-the-Pooh (Winnie-the-Pooh, #1)",A.A. Milne,4.31,297033,1926
Children's,How the Grinch Stole Christmas! (Hardcover),Dr. Seuss,4.34,362910,1957
Children's,The Velveteen Rabbit (Paperback),Margery Williams Bianco,4.26,241019,1922
Children's,"Anne of Green Gables (Anne of Green Gables, #1)",L.M. Montgomery,4.26,813569,1908
Children's,"The Wonderful Wizard of Oz (Oz, #1)",L. Frank Baum,3.97,407135,1900
Children's,The Lorax (Hardcover),Dr. Seuss,4.32,310162,1971
Children's,"The Bad Beginning (A Series of Unfortunate Events, #1)",Lemony Snicket,3.96,446382,1999
Children's,The Witches (Paperback),Roald Dahl,4.15,350828,1983
Children's,Peter Pan (Hardcover),J.M. Barrie,4.02,313317,1904
Children's,"The Magician's Nephew (Chronicles of Narnia, #6)",C.S. Lewis,4.04,455764,1955
Children's,The Phantom Tollbooth (Paperback),Norton Juster,4.16,269754,1961
Children's,Bridge to Terabithia (Kindle Edition),Katherine Paterson,4.01,486143,1977
Children's,"Little House in the Big Woods (Little House, #1)",Laura Ingalls Wilder,4.18,247562,1932
Children's,The Tale of Peter Rabbit (Hardcover),Beatrix Potter,4.19,223418,1901
Children's,Alice's Adventures in Wonderland / Through the Looking-Glass (Paperback),Lewis Carroll,4.06,496747,1871
Children's,"Holes (Holes, #1)",Louis Sachar,3.98,1049154,1998
Children's,If You Give a Mouse a Cookie (If You Give...),Laura Joffe Numeroff,4.26,268406,1985
Children's,A Light in the Attic (Hardcover),Shel Silverstein,4.32,402963,1981
Children's,"Little House on the Prairie (Little House, #3)",Laura Ingalls Wilder,4.19,270437,1935
Children's,A Little Princess (Paperback),Frances Hodgson Burnett,4.2,285494,1905
Children's,Love You Forever (Paperback),Robert Munsch,4.35,216521,1986
Children's,"The Giver (The Giver, #1)",Lois Lowry,4.13,1987218,1993
Children's,"One Fish, Two Fish, Red Fish, Blue Fish (Hardcover)",Dr. Seuss,4.13,180861,1960
Children's,Madeline (Paperback),Ludwig Bemelmans,4.24,201439,1939
Children's,"The Lightning Thief (Percy Jackson and the Olympians, #1)",Rick Riordan,4.27,2267975,2005
Children's,Corduroy (Hardcover),Don Freeman,4.3,205345,1968
Christian,Mere Christianity (Kindle Edition),C.S. Lewis,4.32,334961,1942
Christian,The Screwtape Letters (Kindle Edition),C.S. Lewis,4.23,365709,1942
Christian,The Shack (Kindle Edition),William Paul Young,3.78,578893,2007
Christian,Crazy Love: Overwhelmed by a Relentless God (Paperback),Francis Chan,4.15,161836,2008
Christian,The Great Divorce (Paperback),C.S. Lewis,4.28,120561,1945
Christian,Redeeming Love (Paperback),Francine Rivers,4.49,235122,1991
Christian,The Purpose Driven Life: What on Earth Am I Here for? (Paperback),Rick Warren,3.94,246503,2002
Christian,The Case for Christ (Paperback),Lee Strobel,4.15,110804,1998
Christian,The Pilgrim's Progress (Paperback),John Bunyan,3.99,120653,1678
Christian,"Left Behind (Left Behind, #1)",Tim LaHaye,3.84,214865,1995
Christian,Heaven is for Real: A Little Boy's Astounding Story of His Trip to Heaven and Back (Paperback),Todd Burpo,4.0,295771,2010
Christian,The Reason for God: Belief in an Age of Skepticism (Hardcover),Timothy J. Keller,4.17,57702,2007
Christian,The Problem of Pain (Paperback),C.S. Lewis,4.08,53415,1940
Christian,The Pursuit of God: The Human Thirst for the Divine (Paperback),A.W. Tozer,4.33,66680,1948
Christian,Blue Like Jazz: Nonreligious Thoughts on Christian Spirituality (Paperback),Donald Miller,3.89,111655,2003
Christian,The Four Loves (Paperback),C.S. Lewis,4.12,49531,1960
Christian,The 5 Love Languages: The Secret to Love that Lasts (Kindle Edition),Gary Chapman,4.24,340343,1990
Christian,"The Voyage of the Dawn Treader (Chronicles of Narnia, #3)",C.S. Lewis,4.08,425074,1952
Christian,"Prince Caspian (Chronicles of Narnia, #2)",C.S. Lewis,3.97,382786,1951
Christian,"The Horse and His Boy (Chronicles of Narnia, #5)",C.S. Lewis,3.91,304918,1954
Christian,Radical: Taking Back Your Faith from the American Dream (Paperback),David Platt,4.16,56030,2010
Christian,Knowing God (Paperback),J.I. Packer,4.27,50866,1973
Christian,A Grief Observed (Paperback),C.S. Lewis,4.16,67713,1961
Christian,"The Silver Chair (Chronicles of Narnia, #4)",C.S. Lewis,3.95,264219,1953
Christian,"This Present Darkness (Darkness, #1)",Frank E. Peretti,4.22,97571,1986
Christian,"The Last Battle (Chronicles of Narnia, #7)",C.S. Lewis,4.0,245982,1956
Christian,"The Chronicles of Narnia (Chronicles of Narnia, #1-7)",C.S. Lewis,4.25,569930,1956
Christian,Captivating: Unveiling the Mystery of a Woman's Soul (Hardcover),John Eldredge,3.9,73735,2004
Christian,The Cost of Discipleship (Paperback),Dietrich Bonhoeffer,4.25,39791,1937
Christian,"A Voice in the Wind (Mark of the Lion, #1)",Francine Rivers,4.55,80401,1993
Christian,Wild at Heart Revised and Updated: Discovering the Secret of a Man's Soul (Kindle Edition),John Eldredge,3.91,73673,2001
Christian,Surprised by Joy: The Shape of My Early Life (Paperback),C.S. Lewis,4.01,59768,1955
Christian,Forgotten God: Reversing Our Tragic Neglect of the Holy Spirit (Paperback),Francis Chan,4.08,44868,2009
Christian,Love Does: Discover a Secretly Incredible Life in an Ordinary World (Paperback),Bob Goff,4.28,66487,2012
Christian,Desiring God: Meditations of a Christian Hedonist (Paperback),John Piper,4.12,41333,1986
Christian,My Utmost for His Highest (Paperback),Oswald Chambers,4.34,72454,1926
Christian,The Prodigal God: Recovering the Heart of the Christian Faith (Hardcover),Timothy J. Keller,4.38,34649,2008
Christian,"Tribulation Force (Left Behind, #2)",Tim LaHaye,3.94,39293,1996
Christian,The Meaning of Marriage: Facing the Complexities of Commitment with the Wisdom of God (Hardcover),Timothy J. Keller,4.45,26689,2011
Christian,One Thousand Gifts: A Dare to Live Fully Right Where You Are (Hardcover),Ann Voskamp,4.0,51967,2011
Christian,The Holy Bible: King James Version (Hardcover),Anonymous,4.4,240789,1611
Christian,Don't Waste Your Life (Paperback),John Piper,4.1,28898,2003
Christian,Confessions (Paperback),Augustine of Hippo,3.89,57031,400
Christian,"Nicolae (Left Behind, #3)",Tim LaHaye,3.95,35951,1997
Christian,The Practice of the Presence of God (Paperback),Brother Lawrence,4.27,42912,1692
Christian,"Soul Harvest: The World Takes Sides (Left Behind, #4)",Tim LaHaye,3.95,32461,1998
Christian,"An Echo in the Darkness (Mark of the Lion, #2)",Francine Rivers,4.6,45431,1994
Classics,Pride and Prejudice (Paperback),Jane Austen,4.27,3362694,1813
Classics,The Great Gatsby (Paperback),F. Scott Fitzgerald,3.93,4169635,1925
Classics,To Kill a Mockingbird (Paperback),Harper Lee,4.27,4971041,1960
Classics,Jane Eyre (Paperback),Charlotte Brontë,4.13,1769320,1847
Classics,1984 (Kindle Edition),George Orwell,4.19,3559260,1949
Classics,Wuthering Heights (Paperback),Emily Brontë,3.87,1474422,1847
Classics,Animal Farm (Mass Market Paperback),George Orwell,3.96,3067101,1945
Classics,The Catcher in the Rye (Paperback),J.D. Salinger,3.81,2968024,1951
Classics,Little Women (Paperback),Louisa May Alcott,4.11,1835539,1880
Classics,Frankenstein: The 1818 Text (Paperback),Mary Wollstonecraft Shelley,3.83,1273417,1818
Classics,The Picture of Dorian Gray (Paperback),Oscar Wilde,4.09,1105374,1890
Classics,Lord of the Flies (Paperback),William Golding,3.69,2461197,1954
Classics,Romeo and Juliet (Mass Market Paperback),William Shakespeare,3.75,2214353,1597
Classics,Of Mice and Men (Paperback),John Steinbeck,3.88,2109331,1937
Classics,Sense and Sensibility (Paperback),Jane Austen,4.08,1029721,1811
Classics,Emma (Paperback),Jane Austen,4.02,720571,1815
Classics,Fahrenheit 451 (Kindle Edition),Ray Bradbury,3.98,1893290,1953
Classics,Dracula (Paperback),Bram Stoker,4.0,1033857,1897
Classics,A Tale of Two Cities (Paperback),Charles Dickens,3.85,855982,1859
Classics,The Adventures of Huckleberry Finn (Paperback),Mark Twain,3.82,1195566,1884
Classics,Great Expectations (Paperback),Charles Dickens,3.78,700853,1860
Classics,The Scarlet Letter (Paperback),Nathaniel Hawthorne,3.42,754277,1850
Classics,Persuasion (Paperback),Jane Austen,4.14,569399,1817
Classics,The Count of Monte Cristo (Paperback),Alexandre Dumas,4.26,800082,1844
Classics,Anna Karenina (Paperback),Leo Tolstoy,4.06,723657,1877
Classics,Brave New World (Paperback),Aldous Huxley,3.99,1574053,1932
Classics,Hamlet (Paperback),William Shakespeare,4.03,793258,1601
Classics,Crime and Punishment (Paperback),Fyodor Dostoevsky,4.23,710654,1866
Classics,A Christmas Carol (Paperback),Charles Dickens,4.06,665310,1843
Classics,"The Hobbit, or There and Back Again (Paperback)",J.R.R. Tolkien,4.28,3181775,1937
Classics,Macbeth (Paperback),William Shakespeare,3.9,737464,1606
Classics,Les Misérables (Mass Market Paperback),Victor Hugo,4.18,723133,1862
Classics,The Old Man and the Sea (Hardcover),Ernest Hemingway,3.79,922187,1952
Classics,Northanger Abbey (Paperback),Jane Austen,3.83,330878,1818
Classics,The Adventures of Tom Sawyer (Paperback),Mark Twain,3.92,816669,1876
Classics,The Grapes of Wrath (Hardcover),John Steinbeck,3.98,802051,1939
Classics,Mansfield Park (Paperback),Jane Austen,3.86,303919,1814
Classics,Gone with the Wind (Mass Market Paperback),Margaret Mitchell,4.3,1130685,1936
Classics,Slaughterhouse-Five (Paperback),Kurt Vonnegut Jr.,4.08,1209678,1969
Classics,Dr. Jekyll and Mr. Hyde (Paperback),Robert Louis Stevenson,3.83,434096,1886
Classics,Lolita (Paperback),Vladimir Nabokov,3.88,715775,1955
Classics,"Moby-Dick or, the Whale (Paperback)",Herman Melville,3.52,502594,1851
Classics,A Midsummer Night's Dream (Paperback),William Shakespeare,3.95,473407,1595
Classics,Rebecca (ebook),Daphne du Maurier,4.23,518290,1938
Comics,Watchmen (Paperback),Alan Moore,4.37,510265,1987
Comics,"Saga, Vol. 1 (Paperback)",Brian K. Vaughan,4.17,284149,2012
Comics,Batman: The Killing Joke (Paperback),Alan Moore,4.37,183425,1988
Comics,"Preludes & Nocturnes (The Sandman, #1)",Neil Gaiman,4.22,231584,1991
Comics,V for Vendetta (Hardcover),Alan Moore,4.25,284856,1990
Comics,Batman: The Dark Knight Returns (Hardcover),Frank Miller,4.26,169130,1986
Comics,Batman: Year One (Paperback),Frank Miller,4.22,217753,1987
Comics,"Saga, Vol. 2 (Paperback)",Brian K. Vaughan,4.5,99462,2013
Comics,"Saga, Vol. 3 (Paperback)",Brian K. Vaughan,4.49,85849,2014
Comics,"Ms. Marvel, Vol. 1: No Normal (Paperback)",G. Willow Wilson,4.12,84515,2014
Comics,"Fables, Vol. 1: Legends in Exile (Paperback)",Bill Willingham,3.96,136456,2002
Comics,"The Doll's House (The Sandman, #2)",Neil Gaiman,4.44,85182,1990
Comics,"Y: The Last Man, Vol. 1: Unmanned (Paperback)",Brian K. Vaughan,4.08,108723,2003
Comics,"Saga, Vol. 4 (Paperback)",Brian K. Vaughan,4.42,70986,2014
Comics,Batman: The Long Halloween (Paperback),Jeph Loeb,4.32,83568,1997
Comics,"Dream Country (The Sandman, #3)",Neil Gaiman,4.25,103630,1990
Comics,"The Walking Dead, Vol. 1: Days Gone Bye (Paperback)",Robert Kirkman,4.27,212158,2004
Comics,"Scott Pilgrim, Volume 1: Scott Pilgrim's Precious Little Life (Paperback)",Bryan Lee O'Malley,4.17,176932,2004
Comics,The Complete Maus (Paperback),Art Spiegelman,4.51,163429,1994
Comics,"Locke & Key, Vol. 1: Welcome to Lovecraft (Hardcover)",Joe Hill,4.15,86393,2008
Comics,"Season of Mists (The Sandman, #4)",Neil Gaiman,4.54,64874,1990
Comics,"The Wicked + The Divine, Vol. 1: The Faust Act (Paperback)",Kieron Gillen,3.82,55283,2014
Comics,"Hawkeye, Volume 1: My Life as a Weapon (Paperback)",Matt Fraction,4.14,47348,2013
Comics,"Paper Girls, Vol. 1 (Paperback)",Brian K. Vaughan,3.88,78066,2016
Comics,Nimona (Kindle Edition),Noelle Stevenson,4.12,128421,2015
Comics,"A Game of You (The Sandman, #5)",Neil Gaiman,4.42,54999,1992
Comics,Fun Home: A Family Tragicomic (Paperback),Alison Bechdel,4.05,153861,2006
Comics,"Fables & Reflections (The Sandman, #6)",Neil Gaiman,4.44,50489,1993
Comics,"Saga, Vol. 5 (Paperback)",Brian K. Vaughan,4.4,61769,2015
Comics,Batman: Arkham Asylum - A Serious House on Serious Earth (Paperback),Grant Morrison,4.1,62519,1989
Comics,"Batman, Volume 1: The Court of Owls (Hardcover)",Scott Snyder,4.33,47249,2012
Comics,Blankets (Paperback),Craig Thompson,4.03,105695,2003
Comics,"Brief Lives (The Sandman, #7)",Neil Gaiman,4.55,51122,1993
Comics,"Monstress, Vol. 1: Awakening (Paperback)",Marjorie M. Liu,3.96,51717,2016
Comics,"The Complete Persepolis (Persepolis, #1-4)",Marjane Satrapi,4.34,150333,2003
Comics,Batman: Hush (Paperback),Jeph Loeb,4.28,41481,2005
Comics,Kingdom Come (Paperback),Mark Waid,4.26,56361,1996
Comics,"The League of Extraordinary Gentlemen, Vol. 1 (Paperback)",Alan Moore,3.94,50717,2000
Comics,"Preacher, Volume 1: Gone to Texas (Comics)",Garth Ennis,4.16,69909,1995
Comics,"Maus: Un survivant raconte, tome 1: Mon père saigne l'histoire (Maus, #1)",Art Spiegelman,4.33,272684,1986
Comics,"Sass & Sorcery (Rat Queens, #1)",Kurtis J. Wiebe,4.08,42691,2014
Comics,Superman: Red Son (Paperback),Mark Millar,4.17,51709,2003
Comics,"Worlds' End (The Sandman, #8)",Neil Gaiman,4.47,45059,1993
Comics,Marvel 1602 (Paperback),Neil Gaiman,3.94,55127,2003
Comics,"The Kindly Ones (The Sandman, #9)",Neil Gaiman,4.59,44476,1995
Comics,Civil War: A Marvel Comics Event (Paperback),Mark Millar,4.09,43200,2006
Comics,"Fables, Vol. 2: Animal Farm (Paperback)",Bill Willingham,4.12,30233,2003
Comics,"Lumberjanes, Vol. 1: Beware the Kitten Holy (Paperback)",Noelle Stevenson,3.91,66381,2015
Comics,"The Apocalypse Suite (The Umbrella Academy, #1)",Gerard Way,3.85,49516,2007
Comics,"The Wake (The Sandman, #10)",Neil Gaiman,4.52,44313,1996
Cookbooks,Joy of Cooking (Hardcover),Irma S. Rombauer,4.09,166586,1931
Cookbooks,"Salt, Fat, Acid, Heat: Mastering the Elements of Good Cooking (Hardcover)",Samin Nosrat,4.27,40770,2017
Cookbooks,Mastering the Art of French Cooking (Hardcover),Julia Child,4.17,60523,1961
Cookbooks,How to Cook Everything: Simple Recipes for Great Food (Hardcover),Mark Bittman,3.96,94161,1998
Cookbooks,The Smitten Kitchen Cookbook (Hardcover),Deb Perelman,3.91,40505,2012
Cookbooks,Plenty (Hardcover),Yotam Ottolenghi,3.96,23189,2010
Cookbooks,Jerusalem: A Cookbook (Hardcover),Yotam Ottolenghi,4.04,29723,2012
Cookbooks,"The Moosewood Cookbook: Recipes from Moosewood Restaurant, Ithaca, New York (Paperback)",Mollie Katzen,3.85,51546,1977
Cookbooks,Better Homes and Gardens New Cook Book (Hardcover),Better Homes and Gardens,4.1,130397,1953
Cookbooks,Cravings: Recipes for All the Food You Want to Eat (Hardcover),Chrissy Teigen,3.92,28463,2016
Cookbooks,Thug Kitchen: The Official Cookbook: Eat Like You Give a F*ck (Hardcover),Thug Kitchen,3.93,38507,2014
Cookbooks,Veganomicon: The Ultimate Vegan Cookbook (Hardcover),Isa Chandra Moskowitz,3.77,33871,2007
Cookbooks,The Pioneer Woman Cooks: Recipes from an Accidental Country Girl (Hardcover),Ree Drummond,3.99,46275,2008
Cookbooks,Barefoot Contessa at Home: Everyday Recipes You'll Make Over and Over Again (Hardcover),Ina Garten,4.02,51685,2006
Cookbooks,The Food Lab: Better Home Cooking Through Science (Hardcover),J. Kenji López-Alt,4.01,18516,2015
Cookbooks,Essentials of Classic Italian Cooking (Hardcover),Marcella Hazan,3.89,23931,1992
Cookbooks,Everyday Italian: 125 Simple and Delicious Recipes (Hardcover),Giada De Laurentiis,3.85,49988,2005
Cookbooks,How to Be a Domestic Goddess: Baking and the Art of Comfort Cooking (Paperback),Nigella Lawson,3.84,39550,1998
Cookbooks,"The Art of Simple Food: Notes, Lessons, and Recipes from a Delicious Revolution (Hardcover)",Alice Waters,3.81,26355,2007
Cookbooks,How to Cook Everything Vegetarian: Simple Meatless Recipes for Great Food (Hardcover),Mark Bittman,4.09,14283,2007
Cookbooks,Artisan Bread in Five Minutes a Day: The Discovery That Revolutionizes Home Baking (Hardcover),Jeff Hertzberg,3.83,27982,2007
Cookbooks,The Barefoot Contessa Cookbook (Hardcover),Ina Garten,3.99,37485,1999
Cookbooks,Barefoot Contessa Back to Basics (Hardcover),Ina Garten,3.99,36590,2008
Cookbooks,The Pioneer Woman Cooks: Food from My Frontier (Hardcover),Ree Drummond,4.03,35991,2011
Cookbooks,"The Flavor Bible: The Essential Guide to Culinary Creativity, Based on the Wisdom of America's Most Imaginative Chefs (Hardcover)",Karen Page,3.87,21896,2008
Cookbooks,Ottolenghi Simple: A Cookbook (Hardcover),Yotam Ottolenghi,4.12,6082,2018
Cookbooks,Plenty More: Vibrant Vegetable Cooking from London's Ottolenghi (Hardcover),Yotam Ottolenghi,3.68,12432,2014
Cookbooks,Momofuku (Hardcover),David Chang,3.71,14635,2009
Cookbooks,Barefoot Contessa Family Style: Easy Ideas and Recipes That Make Everyone Feel Like Family (Hardcover),Ina Garten,3.95,28534,2002
Cookbooks,Smitten Kitchen Every Day: Triumphant and Unfussy New Favorites (Kindle Edition),Deb Perelman,3.51,9716,2017
Cookbooks,The Homemade Pantry: 101 Foods You Can Stop Buying and Start Making (Paperback),Alana Chernila,3.61,19257,2012
Cookbooks,The Oh She Glows Cookbook: Over 100 Vegan Recipes to Glow from the Inside Out (Paperback),Angela Liddon,3.83,15993,2013
Cookbooks,Cravings: Hungry for More (Hardcover),Chrissy Teigen,4.14,7161,2018
Cookbooks,"Vegan with a Vengeance: Over 150 Delicious, Cheap, Animal-Free Recipes That Rock (Paperback)",Isa Chandra Moskowitz,3.6,16625,2005
Cookbooks,Magnolia Table: A Collection of Recipes for Gathering (Hardcover),Joanna Gaines,3.99,10471,2018
Cookbooks,Vegetarian Cooking for Everyone (Hardcover),Deborah Madison,3.7,19554,1997
Cookbooks,The America's Test Kitchen Family Cookbook (Spiral-bound),America's Test Kitchen,4.11,18491,2005
Cookbooks,The Silver Palate Cookbook (Paperback),Julee Rosso,3.98,21407,1982
Cookbooks,I'm Just Here for the Food: Food + Heat = Cooking (Hardcover),Alton Brown,4.11,22516,2002
Cookbooks,Flour Water Salt Yeast: The Fundamentals of Artisan Bread and Pizza (Hardcover),Ken Forkish,4.44,5967,2012
Cookbooks,Vegan Cupcakes Take Over the World: 75 Dairy-Free Recipes for Cupcakes that Rule (Paperback),Isa Chandra Moskowitz,3.93,16615,2006
Cookbooks,The Unofficial Harry Potter Cookbook: From Cauldron Cakes to Knickerbocker Glory--More Than 150 Magical Recipes for Wizards and Non-Wizards Alike (Hardcover),Dinah Bucholz,4.09,15216,2010
Cookbooks,Deceptively Delicious: Simple Secrets to Get Your Kids Eating Good Food (Hardcover),Jessica Seinfeld,3.46,21973,2007
Cookbooks,On Food and Cooking: The Science and Lore of the Kitchen (Hardcover),Harold McGee,4.46,14416,1984
Cookbooks,Indian-ish: Recipes and Antics from a Modern American Family (Hardcover),Priya Krishna,4.21,1921,2019
Cookbooks,My Paris Kitchen: Recipes and Stories (Hardcover),David Lebovitz,4.19,4547,2014
Cookbooks,The New Best Recipe (Hardcover),Cook's Illustrated,4.17,21803,1995
Ebooks,"The Hunger Games (The Hunger Games, #1)",Suzanne Collins,4.32,6985329,2008
Ebooks,"Catching Fire (The Hunger Games, #2)",Suzanne Collins,4.3,2807346,2009
Ebooks,"Mockingjay (The Hunger Games, #3)",Suzanne Collins,4.05,2595788,2010
Ebooks,"Divergent (Divergent, #1)",Veronica Roth,4.17,3237175,2011
Ebooks,The Fault in Our Stars (Hardcover),John Green,4.18,4010005,2012
Ebooks,"Insurgent (Divergent, #2)",Veronica Roth,4.0,1283949,2012
Ebooks,"Fifty Shades of Grey (Fifty Shades, #1)",E.L. James,3.66,2146677,2011
Ebooks,Gone Girl (Paperback),Gillian Flynn,4.09,2559110,2012
Ebooks,"A Game of Thrones (A Song of Ice and Fire, #1)",George R.R. Martin,4.44,2154468,1996
Ebooks,"The Handmaid's Tale (The Handmaid's Tale, #1)",Margaret Atwood,4.12,1640519,1985
Ebooks,"City of Bones (The Mortal Instruments, #1)",Cassandra Clare,4.09,1763772,2007
Ebooks,"The Selection (The Selection, #1)",Kiera Cass,4.11,1111791,2012
Ebooks,"Shadow and Bone (The Shadow and Bone Trilogy, #1)",Leigh Bardugo,3.97,593334,2012
Ebooks,The Martian (Hardcover),Andy Weir,4.4,914051,2011
Ebooks,The Book Thief (Hardcover),Markus Zusak,4.38,2048265,2005
Ebooks,"Throne of Glass (Throne of Glass, #1)",Sarah J. Maas,4.18,747454,2012
Ebooks,Fangirl (Kindle Edition),Rainbow Rowell,4.01,652085,2013
Ebooks,"The Maze Runner (The Maze Runner, #1)",James Dashner,4.03,1207604,2009
Ebooks,"Ready Player One (Ready Player One, #1)",Ernest Cline,4.24,977036,2011
Ebooks,The Girl on the Train (Hardcover),Paula Hawkins,3.94,2369419,2015
Ebooks,"Allegiant (Divergent, #3)",Veronica Roth,3.62,909322,2013
Ebooks,"A Court of Thorns and Roses (A Court of Thorns and Roses, #1)",Sarah J. Maas,4.18,744501,2015
Ebooks,Eleanor & Park (Hardcover),Rainbow Rowell,4.01,974504,2012
Ebooks,The Perks of Being a Wallflower (Paperback),Stephen Chbosky,4.21,1399485,1999
Ebooks,"Cinder (The Lunar Chronicles, #1)",Marissa Meyer,4.13,776358,2012
Ebooks,"Fifty Shades Darker (Fifty Shades, #2)",E.L. James,3.84,800960,2011
Ebooks,The Night Circus (Hardcover),Erin Morgenstern,4.03,779334,2011
Ebooks,"Miss Peregrine's Home for Peculiar Children (Miss Peregrine's Peculiar Children, #1)",Ransom Riggs,3.91,1084912,2011
Ebooks,"Outlander (Outlander, #1)",Diana Gabaldon,4.23,906450,1991
Ebooks,"A Clash of Kings  (A Song of Ice and Fire, #2)",George R.R. Martin,4.4,834970,1998
Ebooks,"Fifty Shades Freed (Fifty Shades, #3)",E.L. James,3.84,764736,2012
Ebooks,We Were Liars (Kindle Edition),E. Lockhart,3.8,674211,2014
Ebooks,"The Girl with the Dragon Tattoo (Millennium, #1)",Stieg Larsson,4.15,2815821,2005
Ebooks,"Me Before You (Me Before You, #1)",Jojo Moyes,4.25,1299278,2012
Fantasy,"The Fellowship of the Ring (The Lord of the Rings, #1)",J.R.R. Tolkien,4.37,2508015,1954
Fantasy,"The Name of the Wind (The Kingkiller Chronicle, #1)",Patrick Rothfuss,4.51,796439,2007
Fantasy,"The Two Towers (The Lord of the Rings, #2)",J.R.R. Tolkien,4.45,788098,1954
Fantasy,"The Return of the King (The Lord of the Rings, #3)",J.R.R. Tolkien,4.54,738180,1955
Fantasy,"A Storm of Swords (A Song of Ice and Fire, #3)",George R.R. Martin,4.53,701748,2000
Fantasy,"A Feast for Crows (A Song of Ice and Fire, #4)",George R.R. Martin,4.14,665279,2005
Fantasy,"The Golden Compass (His Dark Materials, #1)",Philip Pullman,4.0,1375639,1995
Fantasy,"Mistborn: The Final Empire (Mistborn, #1)",Brandon Sanderson,4.44,472681,2006
Fantasy,"Eragon (The Inheritance Cycle, #1)",Christopher Paolini,3.92,1547398,2002
Fantasy,"A Dance with Dragons (A Song of Ice and Fire, #5)",George R.R. Martin,4.31,592285,2011
Fantasy,"Six of Crows (Six of Crows, #1)",Leigh Bardugo,4.46,537659,2015
Fantasy,"American Gods (American Gods, #1)",Neil Gaiman,4.1,821537,2001
Fantasy,"Twilight (The Twilight Saga, #1)",Stephenie Meyer,3.62,5433427,2005
Fantasy,"The Eye of the World (The Wheel of Time, #1)",Robert Jordan,4.17,432574,1990
Fantasy,"Good Omens: The Nice and Accurate Prophecies of Agnes Nutter, Witch (Mass Market Paperback)",Terry Pratchett,4.23,607871,1990
Fantasy,Stardust (Paperback),Neil Gaiman,4.08,392771,1998
Fantasy,"Neverwhere (London Below, #1)",Neil Gaiman,4.16,466567,1996
Fantasy,"A Darker Shade of Magic (Shades of Magic, #1)",V.E. Schwab,4.06,251989,2015
Fantasy,"The Wise Man's Fear (The Kingkiller Chronicle, #2)",Patrick Rothfuss,4.54,472920,2011
Fantasy,"The Way of Kings (The Stormlight Archive, #1)",Brandon Sanderson,4.6,361417,2010
Fantasy,"The Lies of Locke Lamora (Gentleman Bastard, #1)",Scott Lynch,4.25,256814,2006
Fantasy,"The Sea of Monsters (Percy Jackson and the Olympians, #2)",Rick Riordan,4.24,864572,2006
Fantasy,The Ocean at the End of the Lane (Hardcover),Neil Gaiman,4.0,526888,2013
Fantasy,"Harry Potter and the Cursed Child: Parts One and Two (Harry Potter, #8)",John Tiffany,3.56,805466,2016
Fantasy,"Assassin's Apprentice (Farseer Trilogy, #1)",Robin Hobb,4.16,261583,1995
Fantasy,"Graceling (Graceling Realm, #1)",Kristin Cashore,4.06,425472,2008
Fantasy,"The Well of Ascension (Mistborn, #2)",Brandon Sanderson,4.35,331041,2007
Fantasy,The Princess Bride (Paperback),William Goldman,4.25,830513,1973
Fantasy,The Subtle Knife (Kindle Edition),Philip Pullman,4.13,401688,1997
Fantasy,"The Color of Magic (Discworld, #1; Rincewind, #1)",Terry Pratchett,3.98,343418,1983
Fantasy,Uprooted (Hardcover),Naomi Novik,4.04,198788,2015
Fantasy,"The Cruel Prince (The Folk of the Air, #1)",Holly Black,4.09,420598,2018
Fantasy,"The Titan's Curse (Percy Jackson and the Olympians, #3)",Rick Riordan,4.34,792618,2007
Fantasy,"A Wizard of Earthsea (Earthsea Cycle, #1)",Ursula K. Le Guin,3.99,269994,1968
Fiction,"The Da Vinci Code (Robert Langdon, #2)",Dan Brown,3.88,2080173,2003
Fiction,The Kite Runner (Paperback),Khaled Hosseini,4.31,2640547,2003
Fiction,The Alchemist (Paperback),Paulo Coelho,3.89,2369874,1988
Fiction,Life of Pi (Paperback),Yann Martel,3.92,1434176,2001
Fiction,The Curious Incident of the Dog in the Night-Time (Paperback),Mark Haddon,3.89,1296962,2003
Fiction,The Help (Hardcover),Kathryn Stockett,4.46,2346607,2009
Fiction,"Angels & Demons (Robert Langdon, #1)",Dan Brown,3.91,2863896,2000
Fiction,All the Light We Cannot See (Hardcover),Anthony Doerr,4.32,1192533,2014
Fiction,"The Hitchhiker's Guide to the Galaxy (Hitchhiker's Guide to the Galaxy, #1)",Douglas Adams,4.22,1573861,1979
Fiction,One Hundred Years of Solitude (Mass Market Paperback),Gabriel García Márquez,4.09,819639,1967
Fiction,The Road (Hardcover),Cormac McCarthy,3.97,775714,2006
Fiction,Memoirs of a Geisha (Mass Market Paperback),Arthur Golden,4.13,1812718,1997
Fiction,The Lovely Bones (Mass Market Paperback),Alice Sebold,3.83,2137938,2002
Fiction,The Time Traveler's Wife (ebook),Audrey Niffenegger,3.98,1655269,2003
Fiction,Catch-22 (Paperback),Joseph Heller,3.98,763835,1961
Fiction,Water for Elephants (Paperback),Sara Gruen,4.09,1463959,2006
Graphic Novels,"Persepolis: The Story of a Childhood (Persepolis, #1)",Marjane Satrapi,4.23,177710,2003
Graphic Novels,The Prince and the Dressmaker (Paperback),Jen Wang,4.39,68063,2018
Graphic Novels,Through the Woods (Hardcover),Emily Carroll,3.93,67006,2014
Graphic Novels,"Heartstopper: Volume One (Heartstopper, #1)",Alice Oseman,4.52,134411,2016
Graphic Novels,Anya's Ghost (Hardcover),Vera Brosgol,3.9,72497,2011
Graphic Novels,This One Summer (Hardcover),Mariko Tamaki,3.69,66047,2014
Graphic Novels,American Born Chinese (Paperback),Gene Luen Yang,3.88,82134,2006
Graphic Novels,Pumpkinheads (Hardcover),Rainbow Rowell,4.06,57281,2019
Graphic Novels,"Saga, Vol. 6 (Paperback)",Brian K. Vaughan,4.45,46874,2016
Graphic Novels,Heartstopper: Volume Two (Heartstopper #2),Alice Oseman,4.61,96441,2019
Graphic Novels,"Smile (Smile, #1)",Raina Telgemeier,4.25,214040,2009
Graphic Novels,"Maus II: A Survivor's Tale: And Here My Troubles Began (Maus, #2)",Art Spiegelman,4.34,130848,1991
Graphic Novels,"March: Book One (March, #1)",John             Lewis,4.29,51430,2013
Graphic Novels,"Saga, Vol. 7 (Paperback)",Brian K. Vaughan,4.46,39731,2017
Graphic Novels,Laura Dean Keeps Breaking Up with Me (Hardcover),Mariko Tamaki,3.95,37000,2019
Graphic Novels,"The Stonekeeper (Amulet, #1)",Kazu Kibuishi,4.17,78389,2008
Graphic Novels,In Real Life (Paperback),Cory Doctorow,3.81,32089,2014
Graphic Novels,The Arrival (Hardcover),Shaun Tan,4.34,50171,2007
Historical Fiction,The Nightingale (Hardcover),Kristin Hannah,4.57,852877,2015
Historical Fiction,"The Pillars of the Earth (Kingsbridge, #1)",Ken Follett,4.32,691294,1989
Historical Fiction,The Guernsey Literary and Potato Peel Pie Society (Paperback),Mary Ann Shaffer,4.17,666702,2008
Historical Fiction,"The Other Boleyn Girl (The Plantagenet and Tudor Novels, #9)",Philippa Gregory,4.07,474873,2001
Historical Fiction,The Song of Achilles (Paperback),Madeline Miller,4.41,504231,2011
Historical Fiction,Between Shades of Gray (Hardcover),Ruta Sepetys,4.34,191285,2011
Historical Fiction,Salt to the Sea (Hardcover),Ruta Sepetys,4.33,151591,2016
Historical Fiction,"Wolf Hall (Thomas Cromwell, #1)",Hilary Mantel,3.87,189395,2009
Historical Fiction,The Boy in the Striped Pajamas (Hardcover),John Boyne,4.15,611675,2006
Historical Fiction,A Gentleman in Moscow (Paperback),Amor Towles,4.32,373271,2016
Historical Fiction,"Dragonfly in Amber (Outlander, #2)",Diana Gabaldon,4.32,311968,1992
Historical Fiction,Code Name Verity (Paperback),Elizabeth Wein,4.0,109614,2012
Historical Fiction,The Underground Railroad (Hardcover),Colson Whitehead,4.04,338176,2016
Historical Fiction,Number the Stars (Mass Market Paperback),Lois Lowry,4.15,492934,1989
Historical Fiction,The Alice Network (Paperback),Kate Quinn,4.28,320227,2017
Historical Fiction,The Red Tent (Hardcover),Anita Diamant,4.18,547658,1997
Historical Fiction,"The Tattooist of Auschwitz (The Tattooist of Auschwitz, #1)",Heather   Morris,4.26,608739,2018
Historical Fiction,Pachinko (Kindle Edition),Min Jin Lee,4.28,276489,2017
Historical Fiction,Sarah's Key (Hardcover),Tatiana de Rosnay,4.16,446228,2006
Historical Fiction,The Seven Husbands of Evelyn Hugo (Hardcover),Taylor Jenkins Reid,4.45,542294,2017
Historical Fiction,"Voyager (Outlander, #3)",Diana Gabaldon,4.36,278351,1993
Historical Fiction,Orphan Train (Paperback),Christina Baker Kline,4.18,400487,2013
Historical Fiction,"The White Queen (The Plantagenet and Tudor Novels, #2)",Philippa Gregory,3.94,163115,2009
Historical Fiction,"The Shadow of the Wind (The Cemetery of Forgotten Books, #1)",Carlos Ruiz Zafón,4.27,527272,2001
Historical Fiction,"Fall of Giants (The Century Trilogy, #1)",Ken Follett,4.27,296563,2010
Historical Fiction,Homegoing (Hardcover),Yaa Gyasi,4.46,233517,2016
Historical Fiction,Before We Were Yours (Hardcover),Lisa Wingate,4.37,456999,2017
Historical Fiction,"World Without End (Kingsbridge, #2)",Ken Follett,4.26,222322,2007
Historical Fiction,A Thousand Splendid Suns (Hardcover),Khaled Hosseini,4.39,1262678,2007
Historical Fiction,Lilac Girls (Hardcover),Martha Hall Kelly,4.27,248624,2016
Historical Fiction,Snow Flower and the Secret Fan (Kindle Edition),Lisa See,4.07,355731,2005
Historical Fiction,The Invention of Wings (Hardcover),Sue Monk Kidd,4.23,286640,2014
Historical Fiction,The Name of the Rose (Paperback),Umberto Eco,4.13,327552,1980
Historical Fiction,"Drums of Autumn (Outlander, #4)",Diana Gabaldon,4.32,226109,1996
Historical Fiction,"The Gentleman's Guide to Vice and Virtue (Montague Siblings, #1)",Mackenzi Lee,4.06,114695,2017
Historical Fiction,"The Constant Princess (The Plantagenet and Tudor Novels, #6)",Philippa Gregory,3.91,155486,2005
Historical Fiction,Where the Crawdads Sing (ebook),Delia Owens,4.46,1419928,2018
Historical Fiction,Daisy Jones & The Six (Hardcover),Taylor Jenkins Reid,4.22,422790,2019
Historical Fiction,Year of Wonders (Paperback),Geraldine Brooks,3.99,152897,2001
History,Sapiens: A Brief History of Humankind (Paperback),Yuval Noah Harari,4.39,675828,2011
History,"Guns, Germs, and Steel: The Fates of Human Societies (Paperback)",Jared Diamond,4.03,344688,1997
History,A People's History of the United States (Paperback),Howard Zinn,4.06,216269,1980
History,"The Devil in the White City: Murder, Magic, and Madness at the Fair That Changed America (Hardcover)",Erik Larson,3.98,584764,2003
History,1776 (Paperback),David McCullough,4.05,209289,2005
History,A Short History of Nearly Everything (Paperback),Bill Bryson,4.18,337926,2003
History,The Rise and Fall of the Third Reich: A History of Nazi Germany (Mass Market Paperback),William L. Shirer,4.15,115783,1960
History,1491: New Revelations of the Americas Before Columbus (Paperback),Charles C. Mann,4.0,76891,2005
History,SPQR: A History of Ancient Rome (Paperback),Mary Beard,3.99,47493,2015
History,Bury My Heart at Wounded Knee: An Indian History of the American West (Paperback),Dee Brown,4.18,80697,1970
History,"In the Garden of Beasts: Love, Terror, and an American Family in Hitler's Berlin (Hardcover)",Erik Larson,3.83,183977,2011
History,The Guns of August (Kindle Edition),Barbara W. Tuchman,4.12,68190,1962
History,Genghis Khan and the Making of the Modern World (Kindle Edition),Jack Weatherford,3.97,66162,2004
History,Dead Wake: The Last Crossing of the Lusitania (Hardcover),Erik Larson,4.07,124485,2015
History,The Warmth of Other Suns: The Epic Story of America's Great Migration (Hardcover),Isabel Wilkerson,4.39,81420,2010
History,A Distant Mirror:  The Calamitous 14th Century (Paperback),Barbara W. Tuchman,3.99,39740,1978
History,Lies My Teacher Told Me: Everything Your American History Textbook Got Wrong (Paperback),James W. Loewen,3.94,64572,1995
History,"The Professor and the Madman: A Tale of Murder, Insanity and the Making of the Oxford English Dictionary (Paperback)",Simon Winchester,3.81,110810,1998
History,Killers of the Flower Moon: The Osage Murders and the Birth of the FBI (ebook),David Grann,4.06,159415,2017
History,King Leopold's Ghost (Kindle Edition),Adam Hochschild,4.09,51310,1998
History,Salt: A World History (Paperback),Mark Kurlansky,3.72,65824,2002
History,The Silk Roads: A New History of the World (Hardcover),Peter Frankopan,4.11,27928,2015
History,Collapse: How Societies Choose to Fail or Succeed (Paperback),Jared Diamond,3.9,69912,2005
History,"Band of Brothers: E Company, 506th Regiment, 101st Airborne from Normandy to Hitler's Eagle's Nest (Paperback)",Stephen E. Ambrose,4.36,111562,1992
History,Homo Deus: A History of Tomorrow (Kindle Edition),Yuval Noah Harari,4.21,189414,2015
History,"Destiny of the Republic: A Tale of Madness, Medicine and the Murder of a President (Hardcover)",Candice Millard,4.1,69173,2011
History,In the Heart of the Sea: The Tragedy of the Whaleship Essex (Paperback),Nathaniel Philbrick,4.1,99061,2000
History,Hiroshima (Paperback),John Hersey,3.99,68839,1946
History,The Radium Girls: The Dark Story of America's Shining Women (Hardcover),Kate  Moore,4.12,102443,2017
History,"The Ghost Map: The Story of London's Most Terrifying Epidemic—and How It Changed Science, Cities, and the Modern World (Hardcover)",Steven Johnson,3.86,50451,2006
History,"The Splendid and the Vile: A Saga of Churchill, Family, and Defiance During the Blitz (Kindle Edition)",Erik Larson,4.23,81916,2020
History,At Home: A Short History of Private Life (Hardcover),Bill Bryson,3.96,87929,2010
History,Undaunted Courage: The Pioneering First Mission to Explore America's Wild Frontier (Paperback),Stephen E. Ambrose,4.15,59178,1996
History,Longitude: The True Story of a Lone Genius Who Solved the Greatest Scientific Problem of His Time (Hardcover),Dava Sobel,3.93,68986,1995
History,How the Irish Saved Civilization: The Untold Story of Ireland's Heroic Role from the Fall of Rome to the Rise of Medieval Europe  (Paperback),Thomas Cahill,3.8,43603,1995
History,Founding Brothers: The Revolutionary Generation (Paperback),Joseph J. Ellis,3.94,43058,2000
History,The Boys in the Boat: Nine Americans and Their Epic Quest for Gold at the 1936 Berlin Olympics (Hardcover),Daniel James Brown,4.33,251638,2013
History,The Rape of Nanking (Paperback),Iris Chang,4.11,32477,1997
History,The Worst Hard Time: The Untold Story of Those Who Survived the Great American Dust Bowl (Kindle Edition),Timothy Egan,4.02,50642,2005
History,Battle Cry of Freedom (Paperback),James M. McPherson,4.35,28700,1988
Horror,The Shining (Paperback),Stephen King,4.24,1236752,1977
Horror,It (Paperback),Stephen King,4.24,894458,1986
Horror,Carrie (Mass Market Paperback),Stephen King,3.97,573754,1974
Horror,Pet Sematary (Kindle Edition),Stephen King,4.02,468883,1983
Horror,'Salem's Lot (Paperback),Stephen King,4.04,364488,1975
Horror,The Stand (Hardcover),Stephen King,4.33,674486,1978
Horror,The Haunting of Hill House (Paperback),Shirley Jackson,3.83,195871,1959
Horror,Misery (Paperback),Stephen King,4.18,561215,1987
Horror,World War Z: An Oral History of the Zombie War (Hardcover),Max Brooks,4.01,475924,2006
Horror,"Interview with the Vampire (The Vampire Chronicles, #1)",Anne Rice,4.0,518711,1976
Horror,Doctor Sleep (Hardcover),Stephen King,4.1,222448,2013
Horror,House of Leaves (Paperback),Mark Z. Danielewski,4.05,149373,2000
Horror,Cujo (Paperback),Stephen King,3.74,246546,1981
Horror,NOS4A2 (Hardcover),Joe Hill,4.08,110996,2013
Horror,We Have Always Lived in the Castle (Paperback),Shirley Jackson,3.97,140325,1962
Horror,Mexican Gothic (Hardcover),Silvia Moreno-Garcia,3.7,174597,2020
Horror,"Bird Box (Bird Box, #1)",Josh Malerman,4.02,162250,2014
Horror,Heart-Shaped Box (Hardcover),Joe Hill,3.85,116815,2007
Horror,The Exorcist (Mass Market Paperback),William Peter Blatty,4.19,195086,1971
Horror,Needful Things (Paperback),Stephen King,3.93,224829,1991
Horror,Christine (Paperback),Stephen King,3.8,216386,1983
Horror,Coraline (Paperback),Neil Gaiman,4.06,548385,2002
Horror,Night Shift (Paperback),Stephen King,4.01,155692,1978
Horror,Let the Right One In (Hardcover),John Ajvide Lindqvist,4.02,101742,2004
Horror,The Dead Zone (Mass Market Paperback),Stephen King,3.94,201481,1979
Horror,Cell (Mass Market Paperback),Stephen King,3.66,206392,2006
Horror,Firestarter (Mass Market Paperback),Stephen King,3.89,203118,1980
Horror,Horns (Hardcover),Joe Hill,3.93,106500,2009
Horror,The Outsider (Hardcover),Stephen King,3.98,227564,2018
Horror,"Rosemary's Baby (Rosemary's Baby, #1)",Ira Levin,4.01,120101,1967
Horror,"The Girl with All the Gifts (The Girl with All the Gifts, #1)",M.R. Carey,3.94,203611,2014
Horror,"The Silence of the Lambs  (Hannibal Lecter, #2)",Thomas  Harris,4.21,508306,1988
Horror,A Head Full of Ghosts (Hardcover),Paul Tremblay,3.81,55339,2015
Horror,Bag of Bones (Mass Market Paperback),Stephen King,3.91,182079,1998
Horror,The Tommyknockers (Mass Market Paperback),Stephen King,3.57,132979,1987
Horror,Thinner (Mass Market Paperback),Richard Bachman,3.75,186336,1984
Horror,Under the Dome (Hardcover),Stephen King,3.9,278238,2009
Horror,"Something Wicked This Way Comes (Green Town, #2)",Ray Bradbury,3.92,111561,1962
Horror,The Gunslinger (Paperback),Stephen King,3.94,549305,1982
Horror,The Dark Half (Paperback),Stephen King,3.79,130771,1989
Horror,The Turn of the Screw (Paperback),Henry James,3.43,124744,1898
Horror,Skeleton Crew (Paperback),Stephen King,3.96,113230,1985
Horror,"The Passage (The Passage, #1)",Justin Cronin,4.02,204672,2010
Horror,The Southern Book Club's Guide to Slaying Vampires (Kindle Edition),Grady Hendrix,3.84,88034,2020
Horror,Desperation (Mass Market Paperback),Stephen King,3.84,126352,1996
Horror,The Only Good Indians (Hardcover),Stephen Graham Jones,3.74,33180,2020
Memoir,Between the World and Me (Hardcover),Ta-Nehisi Coates,4.37,287999,2015
Memoir,Me Talk Pretty One Day (Paperback),David Sedaris,3.99,652899,2000
Memoir,Hunger: A Memoir of (My) Body,Roxane Gay,4.16,91416,2017
Memoir,The Year of Magical Thinking (Paperback),Joan Didion,3.88,168541,2005
Memoir,Running with Scissors (Paperback),Augusten Burroughs,3.73,374249,2002
Memoir,Let's Pretend This Never Happened: A Mostly True Memoir (Hardcover),Jenny  Lawson,3.86,185426,2012
Memoir,Brain on Fire: My Month of Madness (Hardcover),Susannah Cahalan,4.05,187431,2012
Memoir,Know My Name (ebook),Chanel Miller,4.72,103482,2019
Memoir,Orange Is the New Black (Hardcover),Piper Kerman,3.71,193618,2010
Memoir,Kitchen Confidential: Adventures in the Culinary Underbelly (Paperback),Anthony Bourdain,4.08,256057,2000
Memoir,Furiously Happy: A Funny Book About Horrible Things (Hardcover),Jenny  Lawson,3.87,147825,2015
Memoir,On Writing: A Memoir of the Craft (Mass Market Paperback),Stephen King,4.31,248288,2000
Memoir,In the Dream House (Hardcover),Carmen Maria Machado,4.49,49984,2019
Memoir,Why Not Me? (Paperback),Mindy Kaling,3.89,196513,2015
Memoir,"Girl, Interrupted (Paperback)",Susanna Kaysen,3.9,197588,1993
Memoir,A Walk in the Woods: Rediscovering America on the Appalachian Trail (Mass Market Paperback),Bill Bryson,4.05,370607,1998
Memoir,H is for Hawk (Hardcover),Helen Macdonald,3.72,67687,2014
Memoir,Untamed (Hardcover),Glennon Doyle,4.03,250642,2020
Memoir,Reading Lolita in Tehran: A Memoir in Books (Paperback),Azar Nafisi,3.62,132507,2003
Memoir,"Hyperbole and a Half: Unfortunate Situations, Flawed Coping Mechanisms, Mayhem, and Other Things That Happened (Paperback)",Allie Brosh,4.12,197765,2013
Memoir,A Long Way Gone: Memoirs of a Boy Soldier (Hardcover),Ishmael Beah,4.12,180926,2007
Memoir,"Maybe You Should Talk to Someone: A Therapist, Her Therapist, and Our Lives Revealed (Hardcover)",Lori Gottlieb,4.37,188822,2019
Memoir,The Liars' Club (Paperback),Mary Karr,3.93,63908,1995
Memoir,The Princess Diarist (Hardcover),Carrie Fisher,3.69,77995,2016
Memoir,Wishful Drinking (Hardcover),Carrie Fisher,3.78,75432,2008
Memoir,Dress Your Family in Corduroy and Denim (Paperback),David Sedaris,4.07,267507,2004
Memoir,A Heartbreaking Work of Staggering Genius (Paperback),Dave Eggers,3.68,181986,2000
Memoir,Naked (Paperback),David Sedaris,4.07,254949,1997
Music,Musicophilia: Tales of Music and the Brain (Hardcover),Oliver Sacks,3.92,62542,2007
Music,This Is Your Brain on Music: The Science of a Human Obsession (Hardcover),Daniel J. Levitin,3.87,57897,2006
Music,The Rest Is Noise: Listening to the Twentieth Century (Hardcover),Alex  Ross,4.09,13980,2007
Music,How Music Works (Hardcover),David Byrne,3.97,20106,2012
Music,Please Kill Me: The Uncensored Oral History of Punk (Paperback),Legs McNeil,4.17,30036,1996
Music,Life (Hardcover),Keith Richards,3.86,90048,2010
Music,Chronicles: Volume One (Paperback),Bob Dylan,3.94,55061,2004
Music,"Our Band Could Be Your Life: Scenes from the American Indie Underground, 1981-1991 (Paperback)",Michael Azerrad,4.2,14501,2001
Music,High Fidelity (Paperback),Nick Hornby,3.92,183206,1995
Music,Girl in a Band (Hardcover),Kim Gordon,3.64,24171,2015
Music,Hunger Makes Me a Modern Girl (Hardcover),Carrie Brownstein,3.8,35004,2015
Music,"Love Is a Mix Tape: Life and Loss, One Song at a Time (Hardcover)",Rob Sheffield,3.82,37192,2007
Music,No One Here Gets Out Alive (Paperback),Danny Sugerman,3.89,44090,1980
Music,Rip it Up and Start Again (Hardcover),Simon Reynolds,4.08,7728,2005
Music,Born to Run (Hardcover),Bruce Springsteen,4.11,44409,2016
Music,The Dirt: Confessions of the World's Most Notorious Rock Band (Paperback),Neil Strauss,4.07,41159,2001
Music,Scar Tissue (Paperback),Anthony Kiedis,4.07,76154,2004
Music,What to Listen for in Music (Paperback),Aaron Copland,3.94,7947,1939
Music,Miles: The Autobiography (Paperback),Miles Davis,4.19,13134,1989
Music,A Visit from the Goon Squad (Hardcover),Jennifer Egan,3.67,187653,2010
Music,Heavier Than Heaven: A Biography of Kurt Cobain (Hardcover),Charles R. Cross,4.05,29339,2001
Music,Psychotic Reactions and Carburetor Dung (Paperback),Lester Bangs,4.04,8933,1987
Music,If I Stay (Hardcover),Gayle Forman,3.93,769695,2009
Music,Songbook (Paperback),Nick Hornby,3.57,13339,2003
Music,Cash (Paperback),Johnny Cash,3.94,25086,1997
Music,"Clothes, Clothes, Clothes. Music, Music, Music. Boys, Boys, Boys (Paperback)",Viv Albertine,4.27,9622,2014
Music,Clapton: The Autobiography (Hardcover),Eric Clapton,3.8,27222,2007
Music,The Beatles Anthology (Hardcover),The Beatles,4.37,16035,2000
Music,Hammer of the Gods (Paperback),Stephen Davis,3.85,11763,1985
Music,Slash (Hardcover),Slash,3.99,25448,2007
Music,"Lick (Stage Dive, #1)",Kylie Scott,4.1,82045,2013
Music,Journals (Hardcover),Kurt Cobain,3.99,15008,2002
Music,Girls to the Front: The True Story of the Riot Grrrl Revolution (Paperback),Sara Marcus,3.97,6953,2010
Music,I'm with the Band: Confessions of a Groupie (Paperback),Pamela Des Barres,3.67,17975,1987
Music,"England's Dreaming: Anarchy, Sex Pistols, Punk Rock, and Beyond (Paperback)",Jon Savage,4.06,6630,1991
Music,The History of Jazz (Paperback),Ted Gioia,4.07,4044,1997
Music,"Where She Went (If I Stay, #2)",Gayle Forman,4.0,275519,2011
Music,Autobiography (Paperback),Morrissey,3.62,11557,2013
Music,The Heroin Diaries: A Year in the Life of a Shattered Rock Star (Hardcover),Nikki Sixx,4.08,33592,2007
Music,Can't Stop Won't Stop: A History of the Hip-Hop Generation (Paperback),Jeff Chang,4.15,4749,2005
Music,Nick & Norah's Infinite Playlist (Hardcover),Rachel Cohn,3.7,85590,2006
Music,I Am Ozzy (Hardcover),Ozzy Osbourne,4.01,26421,2009
Music,Lords of Chaos: The Bloody Rise of the Satanic Metal Underground (Paperback),Michael Moynihan,3.71,7278,1998
Music,Touching from a Distance: Ian Curtis and Joy Division (Paperback),Deborah Curtis,3.91,7531,1995
Music,The Long Hard Road Out of Hell (Paperback),Marilyn Manson,3.8,31480,1998
Music,Me (Hardcover),Elton John,4.28,46094,2019
Music,Revolution in the Head: The Beatles Records and the Sixties (Paperback),Ian MacDonald,4.25,4910,1994
Music,Retromania: Pop Culture's Addiction to Its Own Past (Paperback),Simon Reynolds,3.84,2577,2010
Mystery,And Then There Were None (Paperback),Agatha Christie,4.26,977862,1939
Mystery,"Murder on the Orient Express (Hercule Poirot, #10)",Agatha Christie,4.18,451653,1934
Mystery,"The Cuckoo's Calling (Cormoran Strike, #1)",Robert Galbraith,3.87,524871,2013
Mystery,"The Mysterious Affair at Styles (Hercule Poirot, #1)",Agatha Christie,3.98,305921,1920
Mystery,"In the Woods (Dublin Murder Squad, #1)",Tana French,3.77,350740,2007
Mystery,"The Girl Who Played with Fire (Millennium, #2)",Stieg Larsson,4.24,858756,2006
Mystery,"A Study in Scarlet (Sherlock Holmes, #1)",Arthur Conan Doyle,4.14,367945,1887
Mystery,"The Murder of Roger Ackroyd (Hercule Poirot, #4)",Agatha Christie,4.24,188825,1926
Mystery,"The Sweetness at the Bottom of the Pie (Flavia de Luce, #1)",Alan Bradley,3.82,160477,2009
Mystery,"The Hound of the Baskervilles (Sherlock Holmes, #5)",Arthur Conan Doyle,4.12,286592,1902
Mystery,"One of Us Is Lying (One of Us is Lying, #1)",Karen M. McManus,4.04,379680,2017
Mystery,Sharp Objects (Paperback),Gillian Flynn,3.99,790844,2006
Mystery,The 7½ Deaths of Evelyn Hardcastle (Hardcover),Stuart Turton,3.88,197202,2018
Mystery,"Still Life (Chief Inspector Armand Gamache, #1)",Louise Penny,3.89,183575,2005
Mystery,"The Girl Who Kicked the Hornet's Nest (Millennium, #3)",Stieg Larsson,4.22,688031,2007
Mystery,"Death on the Nile (Hercule Poirot, #18)",Agatha Christie,4.11,163573,1937
Mystery,"One for the Money (Stephanie Plum, #1)",Janet Evanovich,4.03,508237,1994
Mystery,Dark Places (Hardcover),Gillian Flynn,3.93,643880,2009
Mystery,"The Silkworm (Cormoran Strike, #2)",Robert Galbraith,4.04,237627,2014
Mystery,The Silent Patient (Hardcover),Alex Michaelides,4.12,796575,2019
Mystery,"The Adventures of Sherlock Holmes (Sherlock Holmes, #3)",Arthur Conan Doyle,4.29,266124,1892
Mystery,"Murder at the Vicarage (Miss Marple, #1)",Agatha Christie,4.06,162972,1930
Mystery,"The A.B.C. Murders (Hercule Poirot, #13)",Agatha Christie,4.02,120986,1936
Mystery,"The Lost Symbol (Robert Langdon, #3)",Dan Brown,3.72,562817,2009
Mystery,The No. 1 Ladies' Detective Agency (No. 1 Ladies' Detective Agency #1),Alexander McCall Smith,3.8,247814,1998
Mystery,The Woman in Cabin 10 (Hardcover),Ruth Ware,3.72,446195,2016
Mystery,The Guest List (Hardcover),Lucy Foley,3.86,423493,2020
Mystery,"Truly Devious (Truly Devious, #1)",Maureen Johnson,4.02,76631,2018
Mystery,The Westing Game (Paperback),Ellen Raskin,4.0,193877,1978
Mystery,The Woman in the Window (Kindle Edition),A.J. Finn,3.95,590878,2018
Mystery,"Maisie Dobbs (Maisie Dobbs, #1)",Jacqueline Winspear,3.91,95527,2003
Mystery,"Career of Evil (Cormoran Strike, #3)",Robert Galbraith,4.19,184424,2015
Mystery,"The Beekeeper's Apprentice (Mary Russell and Sherlock Holmes, #1)",Laurie R. King,4.05,78001,1994
Mystery,"The Sign of Four (Sherlock Holmes, #2)",Arthur Conan Doyle,3.92,131712,1890
Mystery,"A is for Alibi (Kinsey Millhone, #1)",Sue Grafton,3.86,170882,1982
Mystery,The Thirteenth Tale (Hardcover),Diane Setterfield,3.96,294936,2006
Mystery,"Crocodile on the Sandbank (Amelia Peabody, #1)",Elizabeth Peters,4.0,69200,1975
Mystery,"The Body in the Library (Miss Marple, #2)",Agatha Christie,3.86,77596,1942
Mystery,"Magpie Murders (Susan Ryeland, #1)",Anthony Horowitz,3.94,86722,2016
Mystery,"The Likeness (Dublin Murder Squad, #2)",Tana French,4.04,147150,2008
Nonfiction,Quiet: The Power of Introverts in a World That Can't Stop Talking (Hardcover),Susan Cain,4.05,368321,2012
Nonfiction,Stiff: The Curious Lives of Human Cadavers (Paperback),Mary Roach,4.04,191373,2003
Nonfiction,In Cold Blood (Paperback),Truman Capote,4.06,584318,1965
Nonfiction,We Should All Be Feminists (Kindle Edition),Chimamanda Ngozi Adichie,4.43,216699,2014
Nonfiction,The Life-Changing Magic of Tidying Up: The Japanese Art of Decluttering and Organizing (Hardcover),Marie Kondō,3.85,312429,2011
Nonfiction,I'll Be Gone in the Dark: One Woman's Obsessive Search for the Golden State Killer (ebook),Michelle McNamara,4.1,197095,2018
Nonfiction,Into Thin Air: A Personal Account of the Mount Everest Disaster (Paperback),Jon Krakauer,4.19,432198,1997
Nonfiction,The New Jim Crow: Mass Incarceration in the Age of Colorblindness (Hardcover),Michelle Alexander,4.46,95671,2010
Nonfiction,Just Mercy: A Story of Justice and Redemption (Hardcover),Bryan Stevenson,4.57,185127,2014
Nonfiction,White Fragility: Why It’s So Hard for White People to Talk About Racism (Audiobook),Robin DiAngelo,4.21,135739,2018
Nonfiction,Bad Feminist (Paperback),Roxane Gay,3.94,97347,2014
Nonfiction,So You Want to Talk About Race (Hardcover),Ijeoma Oluo,4.5,89665,2018
Nonfiction,How to Be an Antiracist (Hardcover),Ibram X. Kendi,4.37,94703,2019
Nonfiction,The Omnivore's Dilemma: A Natural History of Four Meals (Hardcover),Michael Pollan,4.16,197693,2006
Nonfiction,The Subtle Art of Not Giving a F*ck: A Counterintuitive Approach to Living a Good Life (ebook),Mark Manson,3.92,686134,2016
Nonfiction,The Library Book (Hardcover),Susan Orlean,3.88,98003,2018
Nonfiction,A Brief History of Time (Paperback),Stephen Hawking,4.19,349465,1988
Poetry,Milk and Honey (Paperback),Rupi Kaur,4.04,446775,2014
Poetry,The Sun and Her Flowers (Paperback),Rupi Kaur,4.13,202288,2017
Poetry,"The Princess Saves Herself in This One (Women Are Some Kind of Magic, #1)",Amanda Lovelace,3.84,96089,2016
Poetry,Leaves of Grass (Paperback),Walt Whitman,4.11,92892,1855
Poetry,Ariel (Paperback),Sylvia Plath,4.2,60607,1965
Poetry,The Complete Poems of Emily Dickinson (Paperback),Emily Dickinson,4.23,87963,1890
Poetry,Howl and Other Poems (Hardcover),Allen Ginsberg,4.12,99861,1956
Poetry,The Poet X (Kindle Edition),Elizabeth Acevedo,4.37,92027,2018
Poetry,Beowulf (Paperback),Unknown,3.46,260976,900
Poetry,Paradise Lost (Paperback),John Milton,3.81,150508,1667
Poetry,Twenty Love Poems and a Song of Despair (Paperback),Pablo Neruda,4.24,58534,1924
Poetry,Shakespeare's Sonnets (Paperback),William Shakespeare,4.24,91657,1609
Poetry,"The Witch Doesn't Burn in This One (Women Are Some Kind of Magic, #2)",Amanda Lovelace,3.76,31311,2018
Poetry,Night Sky with Exit Wounds (Paperback),Ocean Vuong,4.21,18950,2016
Poetry,Citizen: An American Lyric (Paperback),Claudia Rankine,4.27,39084,2014
Poetry,The Waste Land and Other Poems (Paperback),T.S. Eliot,4.21,57189,1940
Poetry,Crush (Paperback),Richard Siken,4.28,24853,2005
Poetry,Les Fleurs du Mal (Paperback),Charles Baudelaire,4.22,55988,1857
Poetry,The Prophet (Paperback),Kahlil Gibran,4.21,258685,1923
Poetry,Falling Up (Unknown Binding),Shel Silverstein,4.32,138568,1996
Poetry,The Complete Stories and Poems (Hardcover),Edgar Allan Poe,4.37,236223,1849
Poetry,Salt (Paperback),Nayyirah Waheed,4.26,21382,2013
Poetry,The Poetry of Robert Frost (Paperback),Robert Frost,4.23,50173,1949
Poetry,The Waste Land (Paperback),T.S. Eliot,4.09,46956,1922
Poetry,Inferno (Paperback),Dante Alighieri,4.0,155624,1307
Poetry,The Collected Poems (Hardcover),Sylvia Plath,4.18,40844,1981
Poetry,Brown Girl Dreaming (Hardcover),Jacqueline Woodson,4.11,79647,2014
Poetry,Love & Misadventure (Paperback),Lang Leav,3.96,49098,2013
Poetry,Teaching My Mother How to Give Birth (Paperback),Warsan Shire,4.24,16490,2011
Poetry,The Collected Poems of W.B. Yeats (Paperback),W.B. Yeats,4.21,37377,1950
Poetry,A Thousand Mornings (Hardcover),Mary Oliver,4.2,19678,2012
Poetry,The Raven (Paperback),Edgar Allan Poe,4.29,111641,1845
Poetry,The Essential Rumi (Paperback),Rumi,4.36,45119,1273
Poetry,The Divine Comedy (Hardcover),Dante Alighieri,4.04,134267,1320
Poetry,Autobiography of Red (Paperback),Anne Carson,4.3,19588,1998
Poetry,No Matter the Wreckage (Paperback),Sarah Kay,4.23,12347,2014
Poetry,The Rime of the Ancient Mariner (Paperback),Samuel Taylor Coleridge,3.94,54408,1798
Poetry,Old Possum's Book of Practical Cats (Hardcover),T.S. Eliot,4.07,24770,1939
Poetry,Home Body (Paperback),Rupi Kaur,4.08,43319,2020
Poetry,Letters to a Young Poet (Paperback),Rainer Maria Rilke,4.29,60648,1929
Poetry,Long Way Down (Hardcover),Jason  Reynolds,4.25,83013,2017
Poetry,Don't Call Us Dead (Paperback),Danez Smith,4.51,8011,2017
Poetry,100 Selected Poems (Paperback),E.E. Cummings,4.29,27496,1954
Poetry,The Complete Poems (Paperback),Anne Sexton,4.28,15013,1981
Psychology,The Man Who Mistook His Wife for a Hat and Other Clinical Tales (Paperback),Oliver Sacks,4.05,184328,1985
Psychology,Predictably Irrational: The Hidden Forces That Shape Our Decisions (Hardcover),Dan Ariely,4.11,112366,2008
Psychology,Flow: The Psychology of Optimal Experience (Paperback),Mihaly Csikszentmihalyi,4.07,66822,1990
Psychology,Emotional Intelligence: Why It Can Matter More Than IQ (Hardcover),Daniel Goleman,4.01,97710,1995
Psychology,The Psychopath Test: A Journey Through the Madness Industry (Paperback),Jon Ronson,3.94,133678,2011
Psychology,"The Body Keeps the Score: Brain, Mind, and Body in the Healing of Trauma (Hardcover)",Bessel van der Kolk,4.44,66372,2014
Psychology,Mindset: The New Psychology of Success (Hardcover),Carol S. Dweck,4.05,112548,2006
Psychology,The Interpretation of Dreams (Hardcover),Sigmund Freud,3.82,68012,1899
Psychology,12 Rules for Life: An Antidote to Chaos (Hardcover),Jordan B. Peterson,3.92,141300,2018
Psychology,Man and His Symbols (Mass Market Paperback),C.G. Jung,4.16,23738,1964
Psychology,The Righteous Mind: Why Good People Are Divided by Politics and Religion (Hardcover),Jonathan Haidt,4.18,43344,2012
Psychology,The Lucifer Effect: Understanding How Good People Turn Evil (Hardcover),Philip G. Zimbardo,3.91,20683,2007
Psychology,Stumbling on Happiness (Paperback),Daniel Todd Gilbert,3.81,58932,2006
Psychology,Games People Play (Mass Market Paperback),Eric Berne,3.76,31813,1964
Psychology,An Unquiet Mind: A Memoir of Moods and Madness (Paperback),Kay Redfield Jamison,4.0,72607,1995
Psychology,Talking to Strangers: What We Should Know About the People We Don’t Know (Hardcover),Malcolm Gladwell,4.02,203531,2019
Psychology,The Art of Loving (Paperback),Erich Fromm,4.0,62876,1956
Psychology,Civilization and Its Discontents (Paperback),Sigmund Freud,3.78,35156,1930
Psychology,"Memories, Dreams, Reflections (Paperback)",C.G. Jung,4.04,34027,1961
Psychology,Atomic Habits: An Easy & Proven Way to Build Good Habits & Break Bad Ones (Kindle Edition),James Clear,4.36,258613,2018
Psychology,"Daring Greatly: How the Courage to Be Vulnerable Transforms the Way We Live, Love, Parent, and Lead (Hardcover)",Brené Brown,4.24,161982,2012
Psychology,The Happiness Hypothesis: Finding Modern Truth in Ancient Wisdom (Paperback),Jonathan Haidt,4.05,32800,2006
Psychology,Grit: The Power of Passion and Perseverance (Hardcover),Angela Duckworth,4.06,89502,2016
Psychology,"Nudge: Improving Decisions About Health, Wealth, and Happiness (Paperback)",Richard H. Thaler,3.82,73537,2008
Psychology,The Blank Slate: The Modern Denial of Human Nature (Paperback),Steven Pinker,4.07,22811,2002
Psychology,The Gifts of Imperfection (Paperback),Brené Brown,4.2,140110,2010
Psychology,"The Road Less Traveled: A New Psychology of Love, Traditional Values and Spiritual Growth (Paperback)",M. Scott Peck,4.05,90909,1978
Psychology,Love's Executioner and Other Tales of Psychotherapy (Paperback),Irvin D. Yalom,4.23,27999,1989
Psychology,On Becoming a Person: A Therapist's View of Psychotherapy (Paperback),Carl R. Rogers,4.16,14495,1961
Psychology,"The Willpower Instinct: How Self-Control Works, Why It Matters, and What You Can Do to Get More of It (Hardcover)",Kelly McGonigal,4.12,29429,2011
Psychology,"How to Change Your Mind: What the New Science of Psychedelics Teaches Us About Consciousness, Dying, Addiction, Depression, and Transcendence (Hardcover)",Michael Pollan,4.17,58085,2018
Psychology,Modern Man in Search of a Soul (Paperback),C.G. Jung,4.2,9660,1931
Psychology,"David and Goliath: Underdogs, Misfits, and the Art of Battling Giants (Hardcover)",Malcolm Gladwell,3.95,162694,2013
Psychology,The Highly Sensitive Person: How to Thrive When the World Overwhelms You (Paperback),Elaine N. Aron,3.88,38840,1996
Psychology,The Paradox of Choice: Why More Is Less (Paperback),Barry Schwartz,3.83,32091,2004
Psychology,"You Are Not So Smart: Why You Have Too Many Friends on Facebook, Why Your Memory Is Mostly Fiction, and 46 Other Ways You're Deluding Yourself (Hardcover)",David McRaney,3.85,34780,2011
Psychology,How the Mind Works (Paperback),Steven Pinker,3.98,19038,1997
Romance,"Red, White & Royal Blue (Paperback)",Casey McQuiston,4.23,364205,2019
Romance,The Hating Game (ebook),Sally  Thorne,4.1,277284,2016
Romance,"New Moon (The Twilight Saga, #2)",Stephenie Meyer,3.56,1611931,2006
Romance,"The Kiss Quotient (The Kiss Quotient, #1)",Helen Hoang,3.91,206629,2018
Romance,"Eclipse (The Twilight Saga, #3)",Stephenie Meyer,3.7,1556385,2007
Romance,"Breaking Dawn (The Twilight Saga, #4)",Stephenie Meyer,3.71,1447333,2008
Romance,"The Notebook (The Notebook, #1)",Nicholas Sparks,4.12,1433797,1996
Romance,Beach Read (Paperback),Emily Henry,4.06,266310,2020
Romance,The Unhoneymooners (Paperback),Christina Lauren,4.02,246117,2019
Romance,"The Duke and I (Bridgertons, #1)",Julia Quinn,3.85,230737,2000
Romance,"To All the Boys I've Loved Before (To All the Boys I've Loved Before, #1)",Jenny Han,4.11,617297,2014
Romance,"Anna and the French Kiss (Anna and the French Kiss, #1)",Stephanie Perkins,4.0,401205,2010
Romance,"Beautiful Disaster (Beautiful, #1)",Jamie McGuire,4.06,598907,2011
Romance,"Get a Life, Chloe Brown (The Brown Sisters, #1)",Talia Hibbert,3.87,90743,2019
Romance,It Ends with Us (Kindle Edition),Colleen Hoover,4.42,431389,2016
Romance,A Walk to Remember (Kindle Edition),Nicholas Sparks,4.18,721805,1999
Romance,"The Elite (The Selection, #2)",Kiera Cass,3.99,543106,2013
Romance,"The Deal (Off-Campus, #1)",Elle Kennedy,4.29,236778,2015
Romance,"The One (The Selection, #3)",Kiera Cass,4.18,484546,2014
Romance,The Flatshare (Hardcover),Beth O'Leary,4.09,188526,2019
Romance,"The Bride Test (The Kiss Quotient, #2)",Helen Hoang,3.89,90806,2019
Romance,"A Court of Mist and Fury (A Court of Thorns and Roses, #2)",Sarah J. Maas,4.59,529075,2016
Romance,Ugly Love (Kindle Edition),Colleen Hoover,4.26,275018,2014
Romance,"Bared to You (Crossfire, #1)",Sylvia Day,4.17,479883,2012
Romance,"The Viscount Who Loved Me (Bridgertons, #2)",Julia Quinn,4.07,150608,2000
Romance,"Dark Lover (Black Dagger Brotherhood, #1)",J.R. Ward,4.16,314998,2005
Romance,People We Meet on Vacation (Paperback),Emily Henry,4.13,191590,2021
Science,The Selfish Gene (Paperback),Richard Dawkins,4.14,154656,1976
Science,Astrophysics for People in a Hurry (Hardcover),Neil deGrasse Tyson,4.07,136974,2017
Science,Cosmos (Mass Market Paperback),Carl Sagan,4.37,128223,1980
Science,What If? Serious Scientific Answers to Absurd Hypothetical Questions (Hardcover),Randall Munroe,4.12,146204,2014
Science,The Origin of Species (Hardcover),Charles Darwin,3.98,108038,1859
Science,"The Elegant Universe: Superstrings, Hidden Dimensions, and the Quest for the Ultimate Theory (Paperback)",Brian Greene,4.07,91896,1999
Science,The Demon-Haunted World: Science as a Candle in the Dark (Paperback),Carl Sagan,4.26,65257,1996
Science,The Gene: An Intimate History (Hardcover),Siddhartha Mukherjee,4.32,39636,2016
Science,The Grand Design (Hardcover),Stephen Hawking,4.04,68739,2010
Science,The Emperor of All Maladies: A Biography of Cancer (Hardcover),Siddhartha Mukherjee,4.28,90936,2010
Science,The Sixth Extinction: An Unnatural History (Hardcover),Elizabeth Kolbert,4.13,57344,2014
Science,The Greatest Show on Earth: The Evidence for Evolution (Hardcover),Richard Dawkins,4.14,51830,2009
Science,"The Disappearing Spoon: And Other True Tales of Madness, Love, and the History of the World from the Periodic Table of the Elements (Hardcover)",Sam Kean,3.91,45839,2010
Science,The God Delusion (Hardcover),Richard Dawkins,3.89,252517,2006
Science,"The Fabric of the Cosmos: Space, Time, and the Texture of Reality (Paperback)",Brian Greene,4.09,37311,2003
Science,Why We Sleep: Unlocking the Power of Sleep and Dreams (Hardcover),Matthew Walker,4.35,117279,2017
Science,Seven Brief Lessons on Physics (Hardcover),Carlo Rovelli,3.96,44748,2014
Science,Packing for Mars: The Curious Science of Life in the Void (Paperback),Mary Roach,3.93,55851,2010
Science,The Blind Watchmaker: Why the Evidence of Evolution Reveals a Universe Without Design (Paperback),Richard Dawkins,4.07,36635,1986
Science,The Structure of Scientific Revolutions (Paperback),Thomas S. Kuhn,4.02,23842,1962
Science,The Universe in a Nutshell (Hardcover),Stephen Hawking,4.17,37379,2001
Science,Chaos: Making a New Science (Paperback),James Gleick,4.02,34160,1987
Science,"Gödel, Escher, Bach: An Eternal Golden Braid (Paperback)",Douglas R. Hofstadter,4.26,46656,1979
Science,Pale Blue Dot: A Vision of the Human Future in Space (Paperback),Carl Sagan,4.28,33671,1994
Science,Physics of the Impossible (Hardcover),Michio Kaku,4.06,36649,2008
Science,Death by Black Hole: And Other Cosmic Quandaries (Paperback),Neil deGrasse Tyson,4.07,29448,2006
Science,Bad Science (Paperback),Ben Goldacre,4.05,41192,2008
Science,I Contain Multitudes: The Microbes Within Us and a Grander View of Life (Hardcover),Ed Yong,4.11,19887,2016
Science,Brief Answers to the Big Questions (Hardcover),Stephen Hawking,4.3,46660,2018
Science,Bonk: The Curious Coupling of Science and Sex (Paperback),Mary Roach,3.84,56474,2008
Science,Genome: the Autobiography of a Species in 23 Chapters (Paperback),Matt Ridley,4.05,24557,1999
Science,The Hot Zone: The Terrifying True Story of the Origins of the Ebola Virus (Paperback),Richard   Preston,4.13,104632,1994
Science,A Universe from Nothing: Why There Is Something Rather Than Nothing (Hardcover),Lawrence M. Krauss,3.93,25899,2012
Science,The Body: A Guide for Occupants (Hardcover),Bill Bryson,4.3,54516,2019
Science,Your Inner Fish: a Journey into the 3.5-Billion-Year History of the Human Body (Hardcover),Neil Shubin,4.01,22730,2008
Science,Six Easy Pieces: Essentials of Physics By Its Most Brilliant Teacher (Paperback),Richard P. Feynman,4.21,22712,1962
Science,The Ancestor's Tale: A Pilgrimage to the Dawn of Evolution (Paperback),Richard Dawkins,4.13,25127,2004
Science,Lab Girl (Hardcover),Hope Jahren,3.95,62995,2016
Science,"The Hidden Life of Trees: What They Feel, How They Communicate – Discoveries from a Secret World (Hardcover)",Peter Wohlleben,4.04,49874,2015
Science Fiction,"Ender's Game (Ender's Saga, #1)",Orson Scott Card,4.3,1220271,1985
Science Fiction,"Dune (Dune, #1)",Frank Herbert,4.24,920939,1965
Science Fiction,"Foundation (Foundation, #1)",Isaac Asimov,4.18,449580,1951
Science Fiction,Do Androids Dream of Electric Sheep? (Kindle Edition),Philip K. Dick,4.08,383939,1968
Science Fiction,The Time Machine (Paperback),H.G. Wells,3.9,454420,1895
Science Fiction,"Neuromancer (Sprawl, #1)",William Gibson,3.9,282205,1984
Science Fiction,"I, Robot (Robot, #0.1)",Isaac Asimov,4.21,299094,1950
Science Fiction,"Leviathan Wakes (The Expanse, #1)",James S.A. Corey,4.25,204369,2011
Science Fiction,"Jurassic Park (Jurassic Park, #1)",Michael Crichton,4.06,850412,1990
Science Fiction,"2001: A Space Odyssey (Space Odyssey, #1)",Arthur C. Clarke,4.15,279676,1968
Science Fiction,Stranger in a Strange Land (Paperback),Robert A. Heinlein,3.92,289207,1961
Science Fiction,The War of the Worlds (Paperback),H.G. Wells,3.83,267092,1897
Science Fiction,"The Restaurant at the End of the Universe (Hitchhiker's Guide to the Galaxy, #2)",Douglas Adams,4.2,252003,1980
Science Fiction,The Martian Chronicles (Paperback),Ray Bradbury,4.15,228389,1950
Science Fiction,Hyperion (Mass Market Paperback),Dan Simmons,4.23,209182,1989
Science Fiction,The Three-Body Problem (Remembrance of Earth’s Past #1),Liu Cixin,4.06,190826,2006
Science Fiction,"Speaker for the Dead (Ender's Saga, #2)",Orson Scott Card,4.07,234657,1986
Science Fiction,"The Left Hand of Darkness (Hainish Cycle, #4)",Ursula K. Le Guin,4.08,137722,1969
Science Fiction,Snow Crash (Kindle Edition),Neal Stephenson,4.02,250808,1992
Science Fiction,Red Rising (Red Rising Saga #1),Pierce Brown,4.23,288574,2014
Science Fiction,"Old Man's War (Old Man's War, #1)",John Scalzi,4.19,182332,2005
Science Fiction,Dark Matter (Hardcover),Blake Crouch,4.1,312272,2016
Science Fiction,Foundation and Empire (Foundation #2),Isaac Asimov,4.21,173510,1952
Science Fiction,"All Systems Red (The Murderbot Diaries, #1)",Martha Wells,4.16,112535,2017
Science Fiction,"Dune Messiah (Dune Chronicles, #2)",Frank Herbert,3.89,164168,1969
Science Fiction,"Life, the Universe and Everything (Hitchhiker's Guide to the Galaxy, #3)",Douglas Adams,4.18,209828,1982
Science Fiction,Starship Troopers (Mass Market Paperback),Robert A. Heinlein,4.0,208427,1959
Science Fiction,Second Foundation (Foundation #3),Isaac Asimov,4.25,159617,1953
Science Fiction,"The Forever War (The Forever War, #1)",Joe Haldeman,4.13,152493,1974
Science Fiction,"The Long Way to a Small, Angry Planet (Wayfarers, #1)",Becky Chambers,4.15,94898,2014
Science Fiction,Annihilation (Paperback),Jeff VanderMeer,3.72,174016,2014
Science Fiction,Childhood's End (Mass Market Paperback),Arthur C. Clarke,4.1,142848,1953
Science Fiction,The Man in the High Castle (Paperback),Philip K. Dick,3.62,195211,1962
Self Help,You Are a Badass: How to Stop Doubting Your Greatness and Start Living an Awesome Life (Paperback),Jen Sincero,3.94,176635,2013
Self Help,The Four Agreements: A Practical Guide to Personal Freedom (Hardcover),Miguel Ruiz,4.16,255425,1997
Self Help,The Power of Now: A Guide to Spiritual Enlightenment (Paperback),Eckhart Tolle,4.13,256017,1997
Self Help,"The Secret (The Secret, #1)",Rhonda Byrne,3.7,393947,2006
Self Help,"The Happiness Project: Or Why I Spent a Year Trying to Sing in the Morning, Clean My Closets, Fight Right, Read Aristotle, and Generally Have More Fun (Hardcover)",Gretchen Rubin,3.63,158998,2009
Self Help,Big Magic: Creative Living Beyond Fear (Hardcover),Elizabeth Gilbert,3.93,176203,2015
Self Help,How to Stop Worrying and Start Living (Paperback),Dale Carnegie,4.14,89133,1944
Self Help,"Girl, Wash Your Face: Stop Believing the Lies about Who You Are So You Can Become Who You Were Meant to Be (ebook)",Rachel Hollis,3.64,210059,2018
Self Help,"10% Happier: How I Tamed the Voice in My Head, Reduced Stress Without Losing My Edge, and Found Self-Help That Actually Works (Hardcover)",Dan   Harris,3.91,93349,2014
Self Help,Essentialism: The Disciplined Pursuit of Less (Hardcover),Greg McKeown,4.02,74910,2011
Self Help,A New Earth: Awakening to Your Life's Purpose (Paperback),Eckhart Tolle,4.09,177052,2005
Self Help,"Men Are from Mars, Women Are from Venus (Paperback)",John Gray,3.57,177608,1992
Self Help,Rising Strong (Hardcover),Brené Brown,4.21,70182,2015
Self Help,Braving the Wilderness: The Quest for True Belonging and the Courage to Stand Alone (Hardcover),Brené Brown,4.12,83838,2017
Self Help,Digital Minimalism: Choosing a Focused Life in a Noisy World (Kindle Edition),Cal Newport,4.06,49658,2019
Self Help,Eat That Frog!: 21 Great Ways to Stop Procrastinating and Get More Done in Less Time (Paperback),Brian Tracy,3.86,56000,2001
Self Help,Don't Sweat the Small Stuff ... and It's All Small Stuff: Simple Ways to Keep the Little Things From Taking Over Your Life (Paperback),Richard Carlson,3.98,87134,1997
Self Help,"Awaken the Giant Within: How to Take Immediate Control of Your Mental, Emotional, Physical and Financial Destiny! (Paperback)",Tony Robbins,4.14,62970,1992
Self Help,The Magic of Thinking Big (Paperback),David J. Schwartz,4.23,78502,1959
Self Help,Unfu*k Yourself: Get Out of Your Head and Into Your Life (Kindle Edition),Gary John Bishop,3.85,51409,2016
Self Help,Better Than Before: Mastering the Habits of Our Everyday Lives (Hardcover),Gretchen Rubin,3.82,38950,2015
Self Help,"Boundaries: When to Say Yes, How to Say No to Take Control of Your Life (Hardcover)",Henry Cloud,4.18,62291,1992
Self Help,The Power of Positive Thinking (Hardcover),Norman Vincent Peale,4.14,95090,1952
Self Help,The Untethered Soul: The Journey Beyond Yourself (Paperback),Michael A. Singer,4.17,68234,2007
Self Help,The Miracle Morning: The Not-So-Obvious Secret Guaranteed to Transform Your Life: Before 8AM (Kindle Edition),Hal Elrod,3.9,59574,2012
Sports,Moneyball: The Art of Winning an Unfair Game (Paperback),Michael   Lewis,4.22,115759,2003
Sports,The Wall of Winnipeg and Me (Kindle Edition),Mariana Zapata,4.3,97399,2016
Sports,"Born to Run: A Hidden Tribe, Superathletes, and the Greatest Race the World Has Never Seen (Hardcover)",Christopher McDougall,4.29,183514,2009
Sports,Kulti (Kindle Edition),Mariana Zapata,4.34,55661,2015
Sports,"The Mistake (Off-Campus, #2)",Elle Kennedy,4.09,123098,2015
Sports,The Blind Side (Paperback),Michael   Lewis,4.14,91472,2006
Sports,"Pucked (Pucked, #1)",Helena Hunting,3.97,49892,2015
Sports,"The Score (Off-Campus, #3)",Elle Kennedy,4.25,106905,2016
Sports,"Him (Him, #1)",Sarina Bowen,4.43,43518,2015
Sports,"Friday Night Lights: A Town, a Team, and a Dream (Mass Market Paperback)",H.G. Bissinger,4.13,53404,1988
Sports,"The Hook Up (Game On, #1)",Kristen Callihan,3.99,48302,2014
Sports,The Baller (Kindle Edition),Vi Keeland,4.06,39247,2016
Sports,The Crossover (ebook),Kwame Alexander,4.27,47548,2014
Sports,Open (Hardcover),Andre Agassi,4.23,95403,2009
Sports,The Book of Basketball: The NBA According to The Sports Guy (Hardcover),Bill Simmons,4.19,32689,2009
Sports,"Alex (Cold Fury Hockey, #1)",Sawyer Bennett,3.98,24697,2014
Sports,From Lukov with Love (Paperback),Mariana Zapata,4.33,44432,2018
Sports,Ball Four (Paperback),Jim Bouton,4.03,17683,1970
Sports,"The Goal (Off-Campus, #4)",Elle Kennedy,4.03,69839,2016
Sports,"The Perfect Play (Play by Play, #1)",Jaci Burton,3.9,37829,2011
Sports,"The Friend Zone (Game On, #2)",Kristen Callihan,4.17,36623,2015
Sports,"Ghost (Track, #1)",Jason  Reynolds,4.22,34214,2016
Sports,The Art of Fielding (Hardcover),Chad Harbach,3.96,113998,2011
Sports,"The Game Plan (Game On, #3)",Kristen Callihan,4.13,26490,2015
Sports,"The Chase (Briar U, #1)",Elle Kennedy,3.94,62562,2018
Sports,"Beartown (Beartown, #1)",Fredrik Backman,4.26,261898,2016
Sports,"Us (Him, #2)",Sarina Bowen,4.35,20465,2016
Sports,Seabiscuit: An American Legend (Mass Market Paperback),Laura Hillenbrand,4.18,160251,1999
Sports,"The Foxhole Court (All for the Game, #1)",Nora Sakavic,4.04,45485,2013
Sports,"It Had to Be You (Chicago Stars, #1)",Susan Elizabeth Phillips,4.02,62439,1994
Sports,Scoring Wilder (ebook),R.S. Grey,4.03,29822,2014
Sports,"Taking Shots (Assassins, #1)",Toni Aleo,3.92,22285,2011
Sports,"The Risk (Briar U, #2)",Elle Kennedy,4.31,49034,2019
Sports,"The Hooker and the Hermit (Rugby, #1)",L.H. Cosway,3.92,26033,2015
Sports,"Sweet Home (Sweet Home, #1)",Tillie Cole,3.99,36610,2013
Sports,"Sacked (Gridiron, #1)",Jen Frederick,4.0,15976,2015
Sports,The Boys of Summer (Mass Market Paperback),Roger Kahn,4.12,10785,1972
Sports,"Good Boy (WAGs, #1)",Sarina Bowen,4.06,17571,2017
Sports,"Real (Real, #1)",Katy Evans,4.18,104307,2013
Sports,Fever Pitch (Paperback),Nick Hornby,3.74,37963,1992
Sports,"The Year We Fell Down (The Ivy Years, #1)",Sarina Bowen,3.97,25897,2014
Sports,Catching Jordan (Paperback),Miranda Kenneally,3.85,60556,2011
Sports,"The Understatement of the Year (The Ivy Years, #3)",Sarina Bowen,4.16,12804,2014
Sports,Soccernomics (Paperback),Simon Kuper,3.94,16213,2009
Sports,"Changing the Game (Play by Play, #2)",Jaci Burton,4.12,21078,2011
Sports,"Check, Please! Book 1: #Hockey (Hardcover)",Ngozi Ukazu,4.34,18203,2018
Sports,"Taking a Shot (Play by Play, #3)",Jaci Burton,4.09,18425,2012
Thriller,"Inferno (Robert Langdon, #4)",Dan Brown,3.86,509396,2013
Thriller,Digital Fortress (Paperback),Dan Brown,3.67,592816,1998
Thriller,Deception Point (Mass Market Paperback),Dan Brown,3.73,629392,2001
Thriller,Before I Go to Sleep (Hardcover),S.J. Watson,3.89,314286,2011
Thriller,Behind Closed Doors (Hardcover),B.A. Paris,3.96,368255,2016
Thriller,"You (You, #1)",Caroline Kepnes,3.92,180711,2014
Thriller,Verity (Kindle Edition),Colleen Hoover,4.36,331693,2018
Thriller,"Red Dragon (Hannibal Lecter, #1)",Thomas  Harris,4.03,304104,1981
Thriller,"Killing Floor (Jack Reacher, #1)",Lee Child,4.05,275645,1997
Thriller,"The Bourne Identity (Jason Bourne, #1)",Robert Ludlum,4.04,420034,1980
Thriller,Pretty Girls (Paperback),Karin Slaughter,4.01,213546,2015
Thriller,Lock Every Door (ebook),Riley Sager,3.91,108660,2019
Thriller,Into the Water (Hardcover),Paula Hawkins,3.59,322431,2017
Thriller,The Couple Next Door (Hardcover),Shari Lapena,3.79,410926,2016
Thriller,"Origin (Robert Langdon, #5)",Dan Brown,3.87,284515,2017
Thriller,The Turn of the Key (Hardcover),Ruth Ware,3.93,180264,2019
Thriller,"Mr. Mercedes (Bill Hodges Trilogy, #1)",Stephen King,3.96,270750,2014
Thriller,Final Girls (Hardcover),Riley Sager,3.83,104442,2017
Thriller,"In a Dark, Dark Wood (Paperback)",Ruth Ware,3.71,265009,2015
Thriller,Shutter Island (Mass Market Paperback),Dennis Lehane,4.07,187014,2003
Thriller,"The Hunt for Red October (Jack Ryan, #3)",Tom Clancy,4.08,357629,1984
Thriller,The Elephant Tree (Paperback),R.D. Ronald,4.18,95624,2010
Thriller,Then She Was Gone (Hardcover),Lisa Jewell,4.04,307114,2017
Thriller,The Zombie Room (Kindle Edition),R.D. Ronald,4.19,95050,2012
Thriller,The Whisper Man (Hardcover),Alex North,4.05,100888,2019
Thriller,"My Sister, the Serial Killer (Hardcover)",Oyinkan Braithwaite,3.72,204782,2018
Thriller,The Last Time I Lied (Kindle Edition),Riley Sager,4.06,89886,2018
Travel,In a Sunburned Country (Paperback),Bill Bryson,4.06,100117,2000
Travel,Notes from a Small Island (Paperback),Bill Bryson,3.9,104918,1995
Travel,Neither Here nor There: Travels in Europe (Paperback),Bill Bryson,3.84,69615,1991
Travel,The Lost Continent: Travels in Small Town America (Paperback),Bill Bryson,3.81,57512,1989
Travel,Travels with Charley: In Search of America (Paperback),John Steinbeck,4.03,83611,1962
Travel,Vagabonding: An Uncommon Guide to the Art of Long-Term World Travel (Paperback),Rolf Potts,3.94,22286,2002
Travel,I'm a Stranger Here Myself: Notes on Returning to America After Twenty Years Away (Paperback),Bill Bryson,3.87,65836,1999
Travel,A Year in Provence (Paperback),Peter Mayle,3.96,70627,1989
Travel,Under the Tuscan Sun (Paperback),Frances Mayes,3.76,321489,1996
Travel,On the Road (Paperback),Jack Kerouac,3.62,371480,1955
Travel,The Road to Little Dribbling: Adventures of an American in Britain (Hardcover),Bill Bryson,3.7,34344,2015
Travel,The Great Railway Bazaar (Paperback),Paul Theroux,3.91,17954,1975
Travel,"1,000 Places to See Before You Die (Paperback)",Patricia Schultz,3.87,39811,2003
Travel,The Art of Travel (Paperback),Alain de Botton,3.83,21228,2002
Travel,The Geography of Bliss: One Grump's Search for the Happiest Places in the World (Paperback),Eric    Weiner,3.83,35618,2008
Travel,In Patagonia (Paperback),Bruce Chatwin,3.71,14292,1977
Travel,Blue Highways (Paperback),William Least Heat-Moon,4.03,22245,1982
Travel,Dark Star Safari: Overland from Cairo to Cape Town (Paperback),Paul Theroux,3.98,13783,2002
Travel,The Sex Lives of Cannibals: Adrift in the Equatorial Pacific (Paperback),J. Maarten Troost,3.86,23981,2003
Travel,A Time of Gifts (Paperback),Patrick Leigh Fermor,4.07,7055,1977
Travel,Turn Right at Machu Picchu: Rediscovering the Lost City One Step at a Time (Hardcover),Mark    Adams,3.85,16304,2011
Travel,Round Ireland with a Fridge (Paperback),Tony Hawks,3.81,17926,1997
Travel,Without Reservations: The Travels of an Independent Woman (Paperback),Alice Steinbach,3.81,10326,2000
Travel,Tales of a Female Nomad: Living at Large in the World (Paperback),Rita Golden Gelman,3.82,16949,2001
Travel,The Lost City of Z: A Tale of Deadly Obsession in the Amazon (Hardcover),David Grann,3.84,84029,2009
Travel,Atlas Obscura: An Explorer's Guide to the World's Hidden Wonders (Hardcover),Joshua Foer,4.25,5783,2016
Travel,Seven Years in Tibet (Paperback),Heinrich Harrer,4.05,22372,1953
Travel,The Old Patagonian Express: By Train Through the Americas (Paperback),Paul Theroux,3.95,9442,1979
Travel,The Snow Leopard (Paperback),Peter Matthiessen,4.04,16630,1978
Travel,"Lost on Planet China: The Strange and True Story of One Man's Attempt to Understand the World's Most Mystifying Nation, or How He Became Comfortable Eating Live Squid (Hardcover)",J. Maarten Troost,3.77,11303,2008
Travel,Getting Stoned with Savages: A Trip Through the Islands of Fiji and Vanuatu (Paperback),J. Maarten Troost,3.86,12856,2006
Travel,The Travel Book: A Journey Through Every Country in the World (Paperback),Roz Hopkins,4.29,6363,2004
Travel,A Cook's Tour: Global Adventures in Extreme Cuisines (Paperback),Anthony Bourdain,4.04,24351,2001
Travel,The Places in Between (Paperback),Rory Stewart,3.92,14806,2004
Travel,Ghost Train to the Eastern Star (Hardcover),Paul Theroux,4.04,6490,2008
Travel,The Motorcycle Diaries: Notes on a Latin American Journey (Paperback),Ernesto Che Guevara,3.75,38023,1992
Travel,Riding the Iron Rooster (Paperback),Paul Theroux,4.03,8620,1988
Travel,The Innocents Abroad (Paperback),Mark Twain,3.81,13882,1869
Travel,Bill Bryson's African Diary (Hardcover),Bill Bryson,3.46,9030,2002
Travel,A Short Walk in the Hindu Kush (Hardcover),Eric Newby,3.98,5692,1958
Travel,Tracks: A Woman's Solo Trek Across 1700 Miles of Australian Outback (Paperback),Robyn Davidson,3.93,13373,1980
Travel,Kon-Tiki (Paperback),Thor Heyerdahl,4.14,20852,1948
Travel,Holy Cow: An Indian Adventure (Paperback),Sarah Macdonald,3.54,17040,2002
Travel,The Lost Girls: Three Friends. Four Continents. One Unconventional Detour Around the World. (Hardcover),Jennifer Baggett,3.73,8198,2010
Travel,A Year in the World: Journeys of a Passionate Traveller (Paperback),Frances Mayes,3.59,6598,2006
Young Adult,Looking for Alaska (Paperback),John Green,4.0,1257167,2005
Young Adult,Paper Towns (Paperback),John Green,3.76,1064040,2008
Young Adult,"City of Ashes (The Mortal Instruments, #2)",Cassandra Clare,4.14,828499,2008
Young Adult,Thirteen Reasons Why (Hardcover),Jay Asher,3.89,845188,2007
Young Adult,"The Hate U Give (The Hate U Give, #1)",Angie Thomas,4.5,639441,2017
Young Adult,"City of Glass (The Mortal Instruments, #3)",Cassandra Clare,4.29,869130,2009
Young Adult,Speak (Hardcover),Laurie Halse Anderson,4.03,516440,1999
Young Adult,"Clockwork Angel (The Infernal Devices, #1)",Cassandra Clare,4.3,749414,2010
Young Adult,"Matched (Matched, #1)",Ally Condie,3.65,708232,2010
Young Adult,"Uglies (Uglies, #1)",Scott Westerfeld,3.85,603722,2005
Young Adult,"The Raven Boys (The Raven Cycle, #1)",Maggie Stiefvater,4.03,315725,2012
Young Adult,"Daughter of Smoke & Bone (Daughter of Smoke & Bone, #1)",Laini Taylor,3.98,349536,2011
Young Adult,"Red Queen (Red Queen, #1)",Victoria Aveyard,4.03,706170,2015
Young Adult,"Scarlet (The Lunar Chronicles, #2)",Marissa Meyer,4.25,354275,2013
More genres,The Midnight Library (Hardcover),Matt Haig,4.1,597452,2020
More genres,Ella Minnow Pea: A Novel in Letters (Paperback),Mark Dunn,3.88,36599,2001
More genres,Trainspotting (Mark Renton #2),Irvine Welsh,4.06,167195,1993
More genres,Americanah (Hardcover),Chimamanda Ngozi Adichie,4.3,310274,2013
More genres,1Q84 (1Q84 #1-3),Haruki Murakami,3.92,229424,2009
More genres,"A Falcon Flies (The Ballantyne Novels, #1)",Wilbur Smith,4.07,5260,1980
More genres,"Sound of Thunder (Courtney, #2)",Wilbur Smith,4.19,9389,1966
More genres,The Eye of the Tiger (Paperback),Wilbur Smith,3.97,4185,1974
More genres,"When the Lion Feeds (Courtney, #1)",Wilbur Smith,4.2,14503,1964
More genres,"River God (Ancient Egypt, #1)",Wilbur Smith,4.19,36718,1993
More genres,"The Prodigal Daughter (Kane & Abel, #2)",Jeffrey Archer,3.96,35368,1982
More genres,"Spud (Spud, #1)",John van de Ruit,4.07,6181,2005
More genres,"Kane & Abel (Kane & Abel, #1)",Jeffrey Archer,4.3,108929,1971
More genres,On the Beach (Paperback),Nevil Shute,3.95,38347,1957
More genres,Fiela se Kind (Hardcover),Dalene Matthee,4.05,2420,1985
More genres,The Fourth Estate (Mass Market Paperback),Jeffrey Archer,3.79,13243,1996
More genres,"A Beautifully Foolish Endeavor (The Carls, #2)",Hank Green,4.27,26196,2020
More genres,The Heart Goes Last (Hardcover),Margaret Atwood,3.38,58419,2015
More genres,"An Absolutely Remarkable Thing (The Carls, #1)",Hank Green,4.03,81362,2018
More genres,Turtles All the Way Down (Hardcover),John Green,3.93,395073,2017
More genres,"Not a Penny More, Not a Penny Less (Paperback)",Jeffrey Archer,4.03,39590,1976
More genres,"The Girl in the Spider's Web (Millennium, #4)",David Lagercrantz,3.77,152285,2015
